epoch,time,train/box_loss,train/cls_loss,train/dfl_loss,metrics/precision(B),metrics/recall(B),metrics/mAP50(B),metrics/mAP50-95(B),val/box_loss,val/cls_loss,val/dfl_loss,lr/pg0,lr/pg1,lr/pg2
1,25.4526,1.47946,1.69832,1.11237,0.47016,0.41048,0.35032,0.19063,1.36136,1.63483,1.04173,0.00328638,0.00328638,0.00328638
2,37.8545,1.42765,1.51344,1.04487,0.55966,0.24835,0.33117,0.16295,1.55603,2.0383,1.07749,0.00661753,0.00661753,0.00661753
3,50.0493,1.57582,1.49635,1.0896,0.4979,0.41849,0.3835,0.23007,1.41623,1.60499,1.08465,0.00994648,0.00994648,0.00994648
4,62.2619,1.5918,1.50775,1.09027,0.40915,0.43346,0.36812,0.1535,1.92007,1.50177,1.20972,0.0099901,0.0099901,0.0099901
5,74.5971,1.58981,1.3625,1.08754,0.47351,0.4629,0.42629,0.21206,1.56894,1.63071,1.104,0.0099868,0.0099868,0.0099868
6,86.9283,1.56036,1.18816,1.08193,0.54206,0.46642,0.45514,0.26685,1.44943,1.19113,1.07065,0.0099835,0.0099835,0.0099835
7,99.5457,1.52847,1.14005,1.07379,0.35078,0.36879,0.30868,0.13732,1.7333,1.45603,1.12868,0.0099802,0.0099802,0.0099802
8,112.004,1.49264,1.12577,1.06355,0.51047,0.46784,0.44315,0.20679,1.70957,1.20585,1.13175,0.0099769,0.0099769,0.0099769
9,124.316,1.46227,1.09708,1.0528,0.43345,0.46784,0.41284,0.20589,1.52095,1.20984,1.0535,0.0099736,0.0099736,0.0099736
10,136.946,1.41852,1.09499,1.05057,0.49294,0.47978,0.43624,0.22553,1.62305,1.22949,1.09869,0.0099703,0.0099703,0.0099703
11,149.967,1.43677,1.06888,1.05024,0.44198,0.3975,0.38281,0.20684,1.59223,1.27102,1.12201,0.009967,0.009967,0.009967
12,162.584,1.44833,1.05421,1.05197,0.41423,0.46107,0.39034,0.19546,1.51341,1.18783,1.0621,0.0099637,0.0099637,0.0099637
13,175.649,1.39584,1.04284,1.03827,0.46864,0.47283,0.42387,0.22069,1.54831,1.22538,1.08215,0.0099604,0.0099604,0.0099604
14,188.568,1.41006,1.03071,1.03916,0.54906,0.50499,0.47499,0.27024,1.43378,1.14344,1.06642,0.0099571,0.0099571,0.0099571
15,201.667,1.39658,1.04097,1.03747,0.5612,0.51327,0.48586,0.28915,1.37696,1.07822,1.0404,0.0099538,0.0099538,0.0099538
16,214.7,1.41063,1.01004,1.02383,0.51921,0.4951,0.46156,0.25763,1.45497,1.10523,1.06472,0.0099505,0.0099505,0.0099505
17,227.722,1.38008,1.01078,1.02729,0.52405,0.52931,0.48943,0.27984,1.41116,1.17997,1.03181,0.0099472,0.0099472,0.0099472
18,240.684,1.38963,0.98927,1.03103,0.51354,0.49581,0.46693,0.24811,1.50638,1.19138,1.06323,0.0099439,0.0099439,0.0099439
19,253.758,1.38748,0.97552,1.018,0.51735,0.50454,0.48515,0.26691,1.43819,1.04923,1.04443,0.0099406,0.0099406,0.0099406
20,266.747,1.3395,0.95962,1.02055,0.53349,0.5287,0.50043,0.28604,1.38833,1.05242,1.04025,0.0099373,0.0099373,0.0099373
21,279.497,1.35822,0.94182,1.01831,0.57871,0.51196,0.51199,0.28858,1.37222,1.04239,1.03867,0.009934,0.009934,0.009934
22,292.181,1.34922,0.93885,1.01636,0.56024,0.50775,0.49947,0.28718,1.39278,1.0016,1.04237,0.0099307,0.0099307,0.0099307
23,304.423,1.33085,0.93625,1.02138,0.59377,0.53198,0.53568,0.3205,1.34269,0.96907,1.02278,0.0099274,0.0099274,0.0099274
24,316.736,1.3437,0.92296,1.00469,0.58193,0.53786,0.52495,0.30741,1.35009,0.95967,1.04012,0.0099241,0.0099241,0.0099241
25,328.996,1.34668,0.92974,1.01557,0.54107,0.51083,0.48567,0.28025,1.3794,1.07991,1.05381,0.0099208,0.0099208,0.0099208
26,341.602,1.32449,0.88519,1.00216,0.60473,0.52699,0.53765,0.31997,1.31435,0.9379,1.02277,0.0099175,0.0099175,0.0099175
27,354.203,1.30358,0.88337,1.00108,0.58735,0.5147,0.52466,0.2978,1.35397,0.96029,1.0297,0.0099142,0.0099142,0.0099142
28,366.734,1.31602,0.8929,1.00144,0.59371,0.53631,0.53311,0.32185,1.3421,0.93256,1.02516,0.0099109,0.0099109,0.0099109
29,379.441,1.31961,0.88513,1.00176,0.44117,0.46464,0.40128,0.21205,1.54841,1.29326,1.06178,0.0099076,0.0099076,0.0099076
30,392.328,1.30769,0.8686,0.99629,0.51366,0.49831,0.46576,0.24431,1.46911,1.10182,1.04907,0.0099043,0.0099043,0.0099043
31,404.835,1.2858,0.87011,0.99821,0.54887,0.49777,0.49164,0.26715,1.45854,1.04024,1.04405,0.009901,0.009901,0.009901
32,417.354,1.27704,0.85075,0.98917,0.60359,0.55461,0.55651,0.32264,1.39693,0.98888,1.03568,0.0098977,0.0098977,0.0098977
33,430.04,1.29727,0.84412,0.99445,0.55603,0.51309,0.50718,0.28875,1.44286,0.97423,1.0458,0.0098944,0.0098944,0.0098944
34,442.523,1.27544,0.82609,0.98632,0.52733,0.49492,0.46876,0.26557,1.40808,1.09772,1.03051,0.0098911,0.0098911,0.0098911
35,455.132,1.26577,0.82116,0.98646,0.60377,0.54035,0.54385,0.31015,1.36362,0.94348,1.0263,0.0098878,0.0098878,0.0098878
36,467.672,1.26999,0.82423,0.98941,0.53792,0.52111,0.49755,0.26636,1.43362,1.01561,1.0416,0.0098845,0.0098845,0.0098845
37,480.723,1.24918,0.82006,0.98093,0.53538,0.50347,0.49399,0.26242,1.44041,1.05037,1.03774,0.0098812,0.0098812,0.0098812
38,493.704,1.26422,0.79675,0.97698,0.59771,0.52806,0.52701,0.31469,1.34973,0.94192,1.02908,0.0098779,0.0098779,0.0098779
39,506.586,1.24662,0.79983,0.97787,0.59314,0.55478,0.55527,0.32801,1.34494,0.92355,1.01717,0.0098746,0.0098746,0.0098746
40,519.542,1.25785,0.79468,0.97222,0.62175,0.54792,0.55791,0.33601,1.31301,0.91491,1.00474,0.0098713,0.0098713,0.0098713
41,532.55,1.22911,0.78952,0.9767,0.62963,0.55389,0.57675,0.34906,1.30669,0.87808,1.00876,0.009868,0.009868,0.009868
42,545.424,1.23739,0.81828,0.97692,0.57377,0.48925,0.47626,0.27732,1.40906,1.06369,1.06185,0.0098647,0.0098647,0.0098647
43,558.431,1.21236,0.76671,0.96477,0.64189,0.51523,0.55077,0.33192,1.32763,0.89981,1.02935,0.0098614,0.0098614,0.0098614
44,571.322,1.22871,0.78529,0.96343,0.59621,0.55425,0.55679,0.33042,1.32395,0.90639,1.01192,0.0098581,0.0098581,0.0098581
45,584.132,1.19656,0.77528,0.95901,0.59648,0.51773,0.54612,0.30641,1.41474,0.91694,1.03336,0.0098548,0.0098548,0.0098548
46,597.066,1.23121,0.7577,0.96476,0.61167,0.55657,0.57621,0.33409,1.36324,0.86422,1.01584,0.0098515,0.0098515,0.0098515
47,610.03,1.22041,0.72958,0.95759,0.61099,0.53946,0.54361,0.33407,1.30837,0.90795,1.02714,0.0098482,0.0098482,0.0098482
48,622.985,1.21493,0.74223,0.96177,0.62087,0.5622,0.55845,0.33796,1.31593,0.89654,1.01578,0.0098449,0.0098449,0.0098449
49,636.017,1.19403,0.74775,0.95926,0.59907,0.49991,0.51707,0.29431,1.36935,0.98276,1.03898,0.0098416,0.0098416,0.0098416
50,648.287,1.18024,0.72374,0.95624,0.65517,0.57688,0.60781,0.36175,1.33318,0.82487,1.01027,0.0098383,0.0098383,0.0098383
51,660.804,1.20968,0.71813,0.95725,0.66713,0.56031,0.60394,0.37344,1.25821,0.78775,0.99706,0.009835,0.009835,0.009835
52,673.271,1.18394,0.71113,0.95178,0.63511,0.55693,0.57387,0.34234,1.30609,0.87902,1.00256,0.0098317,0.0098317,0.0098317
53,686.036,1.17381,0.70239,0.94942,0.61995,0.55318,0.56964,0.3362,1.33594,0.85829,1.0147,0.0098284,0.0098284,0.0098284
54,698.662,1.18051,0.69646,0.95042,0.66439,0.5696,0.60862,0.36668,1.30617,0.80618,1.00173,0.0098251,0.0098251,0.0098251
55,711.105,1.17203,0.7012,0.95159,0.60375,0.55086,0.54742,0.33123,1.33941,0.93355,1.02407,0.0098218,0.0098218,0.0098218
56,723.878,1.15177,0.69384,0.94832,0.63578,0.56413,0.57139,0.36378,1.25358,0.85238,0.99637,0.0098185,0.0098185,0.0098185
57,736.473,1.13424,0.68668,0.94127,0.66379,0.56842,0.61381,0.37598,1.27865,0.78815,1.00057,0.0098152,0.0098152,0.0098152
58,749.181,1.1551,0.68728,0.95226,0.65699,0.57402,0.59591,0.36531,1.25755,0.82039,0.98807,0.0098119,0.0098119,0.0098119
59,761.884,1.17309,0.67632,0.93956,0.70911,0.58197,0.63613,0.38889,1.24175,0.76556,0.98201,0.0098086,0.0098086,0.0098086
60,774.687,1.15333,0.66805,0.94396,0.66577,0.57046,0.61116,0.36982,1.26351,0.81014,0.98848,0.0098053,0.0098053,0.0098053
61,787.314,1.13487,0.65822,0.93454,0.70643,0.59118,0.64542,0.39824,1.25507,0.76298,0.98516,0.009802,0.009802,0.009802
62,800.204,1.12322,0.66497,0.93014,0.624,0.56138,0.5741,0.33157,1.36276,0.87014,1.00561,0.0097987,0.0097987,0.0097987
63,813.044,1.10174,0.65181,0.93346,0.69074,0.56345,0.634,0.38288,1.30265,0.76801,0.99579,0.0097954,0.0097954,0.0097954
64,825.941,1.13951,0.65325,0.93817,0.66066,0.55924,0.60683,0.37261,1.25949,0.78716,0.98013,0.0097921,0.0097921,0.0097921
65,838.698,1.12248,0.64953,0.93649,0.67461,0.57189,0.60842,0.38912,1.2114,0.77682,0.97561,0.0097888,0.0097888,0.0097888
66,851.489,1.09591,0.63472,0.92963,0.7024,0.59861,0.64405,0.41393,1.18512,0.70496,0.95978,0.0097855,0.0097855,0.0097855
67,864.56,1.09299,0.61954,0.92426,0.68921,0.58614,0.64249,0.39881,1.24315,0.73753,0.97653,0.0097822,0.0097822,0.0097822
68,877.386,1.10309,0.62905,0.93109,0.68958,0.57741,0.61913,0.38004,1.26949,0.80481,0.99417,0.0097789,0.0097789,0.0097789
69,890.095,1.10685,0.61413,0.92118,0.69604,0.59522,0.64286,0.4051,1.22361,0.72317,0.97318,0.0097756,0.0097756,0.0097756
70,902.291,1.08568,0.61344,0.91812,0.70373,0.60092,0.65028,0.40811,1.23128,0.7494,0.98314,0.0097723,0.0097723,0.0097723
71,914.34,1.08085,0.59512,0.91671,0.72582,0.59701,0.65355,0.41423,1.22522,0.71203,0.9727,0.009769,0.009769,0.009769
72,926.846,1.07869,0.60511,0.91763,0.65993,0.53465,0.58439,0.34483,1.36567,0.93315,1.03375,0.0097657,0.0097657,0.0097657
73,939.271,1.07954,0.60136,0.91756,0.71347,0.60983,0.66472,0.41704,1.22391,0.69213,0.96571,0.0097624,0.0097624,0.0097624
74,951.722,1.0742,0.60102,0.91588,0.72644,0.58293,0.6574,0.41343,1.21006,0.74189,0.96902,0.0097591,0.0097591,0.0097591
75,964.435,1.04291,0.58544,0.91028,0.68566,0.57349,0.60251,0.37393,1.24779,0.82343,0.99546,0.0097558,0.0097558,0.0097558
76,976.832,1.05984,0.58414,0.9067,0.71098,0.6011,0.64747,0.41784,1.19788,0.72063,0.96216,0.0097525,0.0097525,0.0097525
77,989.468,1.03431,0.59256,0.90975,0.69323,0.59825,0.64517,0.4157,1.18227,0.70672,0.96266,0.0097492,0.0097492,0.0097492
78,1001.92,1.0253,0.57834,0.90614,0.74684,0.5824,0.65586,0.4326,1.15098,0.70149,0.95793,0.0097459,0.0097459,0.0097459
79,1014.79,1.02802,0.56903,0.90445,0.73881,0.61683,0.67361,0.43804,1.16642,0.6639,0.95717,0.0097426,0.0097426,0.0097426
80,1027.33,1.02837,0.55789,0.89734,0.72332,0.60021,0.65889,0.43452,1.15338,0.67719,0.95391,0.0097393,0.0097393,0.0097393
81,1039.87,1.00864,0.55416,0.9,0.75245,0.60841,0.67463,0.45279,1.1152,0.64195,0.9477,0.009736,0.009736,0.009736
82,1052.33,0.99659,0.54831,0.89404,0.74802,0.60859,0.6814,0.45399,1.11825,0.64807,0.94257,0.0097327,0.0097327,0.0097327
83,1064.88,1.00964,0.54575,0.89258,0.76279,0.60004,0.68004,0.44779,1.1384,0.63017,0.94812,0.0097294,0.0097294,0.0097294
84,1077.55,0.9888,0.55177,0.89142,0.7265,0.59594,0.65947,0.4324,1.16056,0.68698,0.95648,0.0097261,0.0097261,0.0097261
85,1090.26,0.99581,0.53872,0.89432,0.65929,0.59683,0.62795,0.40078,1.2046,0.76723,0.97146,0.0097228,0.0097228,0.0097228
86,1103.1,0.99061,0.53464,0.89114,0.76793,0.61074,0.68771,0.45608,1.13813,0.63797,0.94991,0.0097195,0.0097195,0.0097195
87,1116.03,0.96071,0.52521,0.88591,0.72444,0.59273,0.65728,0.42688,1.16928,0.72729,0.96462,0.0097162,0.0097162,0.0097162
88,1128.91,0.96073,0.5267,0.88335,0.74736,0.61785,0.68129,0.45589,1.1048,0.6559,0.94161,0.0097129,0.0097129,0.0097129
89,1141.92,0.97521,0.5171,0.88386,0.77238,0.61019,0.68858,0.45675,1.11901,0.65042,0.94422,0.0097096,0.0097096,0.0097096
90,1154.87,0.94754,0.51494,0.87908,0.75989,0.58132,0.67965,0.43683,1.18073,0.67152,0.95488,0.0097063,0.0097063,0.0097063
91,1167.64,0.96116,0.51976,0.88084,0.76151,0.62712,0.69484,0.4628,1.10052,0.60603,0.93748,0.009703,0.009703,0.009703
92,1180.57,0.91899,0.51069,0.88114,0.79983,0.61363,0.70562,0.47404,1.0694,0.61945,0.92833,0.0096997,0.0096997,0.0096997
93,1193.6,0.92758,0.50459,0.87537,0.77025,0.63013,0.70814,0.47757,1.06623,0.60107,0.93274,0.0096964,0.0096964,0.0096964
94,1206.41,0.93357,0.49757,0.87736,0.77945,0.63026,0.70682,0.48347,1.0537,0.59237,0.92866,0.0096931,0.0096931,0.0096931
95,1219.08,0.9171,0.49662,0.87681,0.76449,0.63086,0.70254,0.47906,1.05025,0.59568,0.92945,0.0096898,0.0096898,0.0096898
96,1231.19,0.9236,0.49056,0.8761,0.80418,0.63335,0.7182,0.4921,1.03438,0.57849,0.92562,0.0096865,0.0096865,0.0096865
97,1243.35,0.89496,0.48091,0.86862,0.80407,0.6387,0.7234,0.49863,1.01265,0.5744,0.92062,0.0096832,0.0096832,0.0096832
98,1255.55,0.88655,0.47768,0.86726,0.81322,0.61874,0.71207,0.48791,1.05144,0.58335,0.92969,0.0096799,0.0096799,0.0096799
99,1267.59,0.87397,0.47172,0.86446,0.75584,0.61991,0.69171,0.46442,1.09583,0.628,0.93896,0.0096766,0.0096766,0.0096766
100,1279.68,0.87717,0.46573,0.86533,0.76259,0.61576,0.69078,0.46246,1.09294,0.63379,0.94043,0.0096733,0.0096733,0.0096733
101,1291.85,0.86891,0.47163,0.8632,0.78877,0.61821,0.71019,0.48829,1.04578,0.58151,0.92681,0.00967,0.00967,0.00967
102,1304.06,0.86997,0.47675,0.86355,0.79022,0.63994,0.72234,0.50264,1.00111,0.5615,0.91591,0.0096667,0.0096667,0.0096667
103,1316.2,0.85853,0.46596,0.86353,0.79899,0.62035,0.70491,0.4827,1.02936,0.57985,0.92418,0.0096634,0.0096634,0.0096634
104,1328.25,0.85065,0.46088,0.86353,0.80989,0.62925,0.73226,0.50747,1.00492,0.56247,0.91722,0.0096601,0.0096601,0.0096601
105,1340.43,0.87069,0.47922,0.86452,0.79347,0.62356,0.70837,0.49692,0.98078,0.58359,0.9089,0.0096568,0.0096568,0.0096568
106,1352.52,0.85468,0.46238,0.86141,0.79486,0.61508,0.71316,0.50088,0.98539,0.56938,0.91146,0.0096535,0.0096535,0.0096535
107,1364.67,0.84671,0.45615,0.85929,0.78553,0.60627,0.70383,0.48943,1.01913,0.57439,0.9202,0.0096502,0.0096502,0.0096502
108,1376.74,0.85854,0.46346,0.86292,0.80503,0.60324,0.70333,0.4937,0.99991,0.57621,0.91075,0.0096469,0.0096469,0.0096469
109,1388.91,0.84117,0.45428,0.85758,0.80739,0.63068,0.71942,0.50719,0.9868,0.55999,0.91329,0.0096436,0.0096436,0.0096436
110,1401.03,0.83864,0.45034,0.85418,0.79032,0.63257,0.72571,0.51301,0.97202,0.5681,0.90736,0.0096403,0.0096403,0.0096403
111,1413.24,0.83259,0.45557,0.85609,0.82006,0.63014,0.7317,0.52181,0.94065,0.53135,0.90503,0.009637,0.009637,0.009637
112,1425.36,0.82379,0.45461,0.85414,0.79143,0.63406,0.7077,0.49994,0.96627,0.57483,0.9091,0.0096337,0.0096337,0.0096337
113,1437.49,0.8069,0.44286,0.84965,0.82082,0.62035,0.72192,0.51444,0.94393,0.55202,0.9039,0.0096304,0.0096304,0.0096304
114,1449.66,0.82319,0.44576,0.85031,0.8006,0.63228,0.71887,0.50078,1.01329,0.5696,0.91385,0.0096271,0.0096271,0.0096271
115,1461.77,0.8079,0.44897,0.85217,0.80458,0.63941,0.72464,0.5136,0.98283,0.56506,0.91286,0.0096238,0.0096238,0.0096238
116,1473.93,0.81114,0.43818,0.85398,0.82057,0.65188,0.74149,0.53119,0.92313,0.51975,0.89857,0.0096205,0.0096205,0.0096205
117,1486.08,0.81313,0.43467,0.85139,0.82874,0.64056,0.73606,0.5249,0.93168,0.52839,0.90289,0.0096172,0.0096172,0.0096172
118,1498.22,0.79943,0.43311,0.85094,0.81423,0.63875,0.73748,0.51965,0.95731,0.53349,0.90834,0.0096139,0.0096139,0.0096139
119,1510.41,0.77333,0.42506,0.85241,0.81343,0.62712,0.73155,0.52017,0.95036,0.54493,0.90862,0.0096106,0.0096106,0.0096106
120,1522.66,0.78473,0.43322,0.84661,0.82893,0.62846,0.72887,0.52134,0.92172,0.54301,0.90648,0.0096073,0.0096073,0.0096073
121,1534.82,0.75598,0.41406,0.84059,0.82939,0.63657,0.73982,0.53109,0.90868,0.5295,0.90235,0.009604,0.009604,0.009604
122,1546.98,0.77703,0.42429,0.84571,0.82128,0.64707,0.74202,0.53218,0.91668,0.52247,0.90079,0.0096007,0.0096007,0.0096007
123,1559.23,0.77572,0.4254,0.83984,0.83807,0.63691,0.74459,0.5355,0.92664,0.52395,0.90078,0.0095974,0.0095974,0.0095974
124,1571.42,0.77178,0.41768,0.84416,0.82483,0.65852,0.75021,0.53886,0.91196,0.51134,0.90015,0.0095941,0.0095941,0.0095941
125,1583.59,0.75361,0.41972,0.84423,0.81405,0.64735,0.73862,0.53397,0.90879,0.51529,0.89708,0.0095908,0.0095908,0.0095908
126,1595.79,0.77322,0.41898,0.83913,0.81705,0.64766,0.73946,0.53798,0.88901,0.50867,0.896,0.0095875,0.0095875,0.0095875
127,1607.77,0.7491,0.41007,0.83874,0.81325,0.64004,0.7184,0.52025,0.90015,0.52999,0.89835,0.0095842,0.0095842,0.0095842
128,1619.91,0.75007,0.41168,0.83994,0.80707,0.63869,0.72999,0.52203,0.92749,0.53891,0.90075,0.0095809,0.0095809,0.0095809
129,1632.02,0.74258,0.41039,0.83787,0.77311,0.6109,0.68439,0.48574,0.98895,0.60842,0.91599,0.0095776,0.0095776,0.0095776
130,1644.12,0.73731,0.41945,0.83859,0.82752,0.64191,0.74533,0.53975,0.88856,0.51516,0.89243,0.0095743,0.0095743,0.0095743
131,1656.41,0.75564,0.40736,0.83974,0.84968,0.64493,0.74741,0.54121,0.88344,0.5086,0.8921,0.009571,0.009571,0.009571
132,1668.57,0.74134,0.40376,0.83626,0.85141,0.64689,0.74757,0.54598,0.87801,0.49673,0.89257,0.0095677,0.0095677,0.0095677
133,1680.69,0.73499,0.40379,0.8384,0.83462,0.65093,0.74832,0.55033,0.8629,0.49184,0.88671,0.0095644,0.0095644,0.0095644
134,1692.85,0.74584,0.4072,0.83802,0.83206,0.65705,0.74911,0.5397,0.90285,0.51029,0.89268,0.0095611,0.0095611,0.0095611
135,1705.04,0.72948,0.40154,0.83455,0.84724,0.6264,0.73392,0.54181,0.85825,0.50429,0.88916,0.0095578,0.0095578,0.0095578
136,1717.23,0.71198,0.39985,0.83492,0.86693,0.63139,0.74733,0.54989,0.84428,0.48628,0.88366,0.0095545,0.0095545,0.0095545
137,1729.37,0.74182,0.40025,0.83369,0.82863,0.64262,0.73887,0.54337,0.8752,0.51802,0.89118,0.0095512,0.0095512,0.0095512
138,1741.57,0.72317,0.39658,0.8344,0.84309,0.62925,0.73458,0.53614,0.88947,0.53447,0.89465,0.0095479,0.0095479,0.0095479
139,1753.67,0.72225,0.39893,0.83589,0.83787,0.64992,0.7538,0.55626,0.85209,0.48998,0.89018,0.0095446,0.0095446,0.0095446
140,1765.94,0.70531,0.38612,0.83017,0.84932,0.65372,0.75576,0.56094,0.8174,0.49079,0.87955,0.0095413,0.0095413,0.0095413
141,1778.15,0.71026,0.39599,0.83525,0.85184,0.64493,0.75103,0.55768,0.82393,0.4856,0.88273,0.009538,0.009538,0.009538
142,1790.31,0.71103,0.40398,0.83618,0.85735,0.6542,0.76087,0.56026,0.83576,0.49975,0.88348,0.0095347,0.0095347,0.0095347
143,1802.48,0.71029,0.39781,0.8321,0.83706,0.65624,0.74879,0.54959,0.8445,0.49551,0.88612,0.0095314,0.0095314,0.0095314
144,1814.64,0.70577,0.38705,0.83132,0.84952,0.6447,0.74694,0.55855,0.82959,0.49086,0.88534,0.0095281,0.0095281,0.0095281
145,1826.68,0.70314,0.38432,0.8293,0.8606,0.64013,0.75213,0.56466,0.81101,0.48636,0.8807,0.0095248,0.0095248,0.0095248
146,1838.94,0.69498,0.38052,0.82892,0.85643,0.64867,0.75643,0.55837,0.83532,0.48083,0.88566,0.0095215,0.0095215,0.0095215
147,1851.54,0.67898,0.37685,0.82751,0.84575,0.65446,0.76129,0.56629,0.82342,0.48564,0.88127,0.0095182,0.0095182,0.0095182
148,1864,0.70049,0.38879,0.83208,0.84901,0.6615,0.7629,0.56793,0.81818,0.48037,0.88561,0.0095149,0.0095149,0.0095149
149,1876.37,0.70831,0.3921,0.83337,0.85878,0.65063,0.75391,0.55703,0.81826,0.48799,0.88703,0.0095116,0.0095116,0.0095116
150,1888.66,0.69569,0.3876,0.83165,0.85914,0.64297,0.7515,0.56295,0.82041,0.49269,0.89168,0.0095083,0.0095083,0.0095083
151,1900.92,0.682,0.3881,0.83001,0.85001,0.65525,0.76374,0.57346,0.78438,0.4659,0.87982,0.009505,0.009505,0.009505
152,1913.26,0.68477,0.37771,0.82685,0.8219,0.65526,0.74372,0.55352,0.82359,0.48817,0.88479,0.0095017,0.0095017,0.0095017
153,1925.59,0.67815,0.37936,0.82766,0.86816,0.64873,0.76772,0.57803,0.79192,0.46563,0.8769,0.0094984,0.0094984,0.0094984
154,1937.84,0.66605,0.38822,0.82746,0.86569,0.65829,0.7614,0.56889,0.80909,0.47256,0.88415,0.0094951,0.0094951,0.0094951
155,1950.07,0.69007,0.37694,0.82666,0.85783,0.66613,0.76741,0.57299,0.80669,0.46664,0.87985,0.0094918,0.0094918,0.0094918
156,1962.25,0.68472,0.37526,0.8268,0.84846,0.66863,0.76179,0.57438,0.7849,0.45954,0.88054,0.0094885,0.0094885,0.0094885
157,1974.39,0.66956,0.36874,0.82602,0.84345,0.66999,0.76427,0.57447,0.79237,0.46668,0.88008,0.0094852,0.0094852,0.0094852
158,1986.53,0.6652,0.37602,0.82723,0.85562,0.66025,0.75895,0.56809,0.80928,0.47914,0.88393,0.0094819,0.0094819,0.0094819
159,1998.7,0.67816,0.37463,0.82798,0.84616,0.65753,0.75852,0.57097,0.80519,0.46892,0.88463,0.0094786,0.0094786,0.0094786
160,2010.88,0.6731,0.37374,0.82605,0.8626,0.63975,0.75409,0.56415,0.81301,0.48674,0.88273,0.0094753,0.0094753,0.0094753
161,2023.07,0.67746,0.37653,0.82741,0.86297,0.65812,0.75548,0.57419,0.77064,0.45745,0.8781,0.009472,0.009472,0.009472
162,2035.23,0.66126,0.36301,0.82553,0.87586,0.6321,0.74763,0.56001,0.80089,0.47568,0.88102,0.0094687,0.0094687,0.0094687
163,2047.34,0.64604,0.36441,0.82205,0.84744,0.66601,0.76435,0.58079,0.7669,0.46249,0.8751,0.0094654,0.0094654,0.0094654
164,2059.52,0.63786,0.36359,0.82063,0.86983,0.65713,0.76209,0.57875,0.76022,0.45622,0.87728,0.0094621,0.0094621,0.0094621
165,2071.59,0.64678,0.36348,0.8247,0.84957,0.66489,0.76331,0.58516,0.76283,0.45571,0.87803,0.0094588,0.0094588,0.0094588
166,2083.75,0.6539,0.36666,0.82413,0.85091,0.6558,0.75541,0.57491,0.76222,0.45021,0.87766,0.0094555,0.0094555,0.0094555
167,2095.91,0.65778,0.36489,0.82121,0.85069,0.6517,0.76159,0.57373,0.77773,0.46983,0.87644,0.0094522,0.0094522,0.0094522
168,2108.03,0.64441,0.36102,0.82216,0.86834,0.6615,0.75554,0.56586,0.77977,0.46706,0.87756,0.0094489,0.0094489,0.0094489
169,2120.28,0.63437,0.36239,0.82348,0.89021,0.64719,0.76368,0.5856,0.76028,0.46839,0.87705,0.0094456,0.0094456,0.0094456
170,2132.51,0.64182,0.37175,0.81985,0.86404,0.65633,0.76277,0.57999,0.7562,0.46172,0.87225,0.0094423,0.0094423,0.0094423
171,2144.66,0.64598,0.3721,0.82118,0.86191,0.6561,0.76045,0.5823,0.75425,0.45921,0.87254,0.009439,0.009439,0.009439
172,2156.71,0.63359,0.35863,0.82233,0.88032,0.64814,0.76211,0.57983,0.76133,0.45454,0.87785,0.0094357,0.0094357,0.0094357
173,2168.85,0.65423,0.36032,0.81927,0.87447,0.64778,0.76289,0.58191,0.75924,0.46483,0.87784,0.0094324,0.0094324,0.0094324
174,2181.07,0.64428,0.37,0.8261,0.86012,0.65508,0.76196,0.5796,0.77026,0.45627,0.87903,0.0094291,0.0094291,0.0094291
175,2193.23,0.62251,0.35512,0.81878,0.85273,0.66364,0.75984,0.57613,0.76499,0.46295,0.87825,0.0094258,0.0094258,0.0094258
176,2205.36,0.63729,0.35776,0.82206,0.86462,0.64399,0.75503,0.57621,0.75231,0.4531,0.87526,0.0094225,0.0094225,0.0094225
177,2217.49,0.62251,0.35057,0.81646,0.86712,0.65901,0.76751,0.59111,0.73174,0.44514,0.87073,0.0094192,0.0094192,0.0094192
178,2229.69,0.62118,0.3584,0.81992,0.8426,0.65259,0.75274,0.57191,0.75821,0.45944,0.87572,0.0094159,0.0094159,0.0094159
179,2241.87,0.61683,0.35483,0.82015,0.85723,0.65251,0.76055,0.58391,0.74851,0.45767,0.87312,0.0094126,0.0094126,0.0094126
180,2253.97,0.61776,0.35791,0.82302,0.86445,0.64873,0.76374,0.57116,0.81937,0.47997,0.88505,0.0094093,0.0094093,0.0094093
181,2266.15,0.6197,0.35996,0.81543,0.86311,0.6594,0.76946,0.5867,0.75835,0.45923,0.87439,0.009406,0.009406,0.009406
182,2278.27,0.61446,0.35293,0.81911,0.87208,0.65587,0.76483,0.58345,0.75397,0.45652,0.87295,0.0094027,0.0094027,0.0094027
183,2290.4,0.61612,0.35045,0.81715,0.87086,0.65847,0.76886,0.59018,0.73259,0.44981,0.86877,0.0093994,0.0093994,0.0093994
184,2302.52,0.60114,0.34761,0.8156,0.87753,0.66987,0.77522,0.59379,0.72253,0.4363,0.86469,0.0093961,0.0093961,0.0093961
185,2314.84,0.62219,0.35846,0.81768,0.89209,0.65395,0.76947,0.59119,0.74126,0.45493,0.86958,0.0093928,0.0093928,0.0093928
186,2326.83,0.60638,0.34675,0.81741,0.8686,0.65717,0.76601,0.58857,0.76193,0.46397,0.87625,0.0093895,0.0093895,0.0093895
187,2339.18,0.63233,0.3537,0.81815,0.88425,0.64618,0.75828,0.58279,0.76296,0.46165,0.87711,0.0093862,0.0093862,0.0093862
188,2351.26,0.61756,0.35422,0.81615,0.87082,0.65451,0.76841,0.59344,0.72221,0.45156,0.86983,0.0093829,0.0093829,0.0093829
189,2363.33,0.59737,0.34325,0.81696,0.87326,0.65794,0.77338,0.59979,0.7072,0.44522,0.86639,0.0093796,0.0093796,0.0093796
190,2375.47,0.61127,0.35508,0.8146,0.86113,0.67171,0.77534,0.59804,0.71694,0.44149,0.86979,0.0093763,0.0093763,0.0093763
191,2387.5,0.60744,0.34548,0.8211,0.87282,0.66392,0.77406,0.59974,0.71189,0.43839,0.87008,0.009373,0.009373,0.009373
192,2399.52,0.59885,0.33529,0.8143,0.85265,0.66082,0.76479,0.58644,0.73857,0.45419,0.87241,0.0093697,0.0093697,0.0093697
193,2411.59,0.60156,0.34243,0.81562,0.87061,0.6605,0.76861,0.59172,0.73501,0.44953,0.87297,0.0093664,0.0093664,0.0093664
194,2423.61,0.62046,0.35209,0.81531,0.88162,0.65705,0.77254,0.59737,0.73134,0.45737,0.87262,0.0093631,0.0093631,0.0093631
195,2435.73,0.60583,0.34858,0.8156,0.87523,0.66578,0.77612,0.60652,0.70537,0.44031,0.86963,0.0093598,0.0093598,0.0093598
196,2447.88,0.60239,0.33995,0.81563,0.8582,0.67753,0.77764,0.60354,0.70457,0.43991,0.86689,0.0093565,0.0093565,0.0093565
197,2459.97,0.61123,0.34809,0.81264,0.88717,0.66578,0.78514,0.61299,0.69108,0.44242,0.86709,0.0093532,0.0093532,0.0093532
198,2472.43,0.60879,0.35348,0.81338,0.86771,0.67891,0.7749,0.60121,0.71013,0.43526,0.87143,0.0093499,0.0093499,0.0093499
199,2484.61,0.60817,0.34559,0.81631,0.86281,0.68906,0.7788,0.60355,0.69658,0.43098,0.86758,0.0093466,0.0093466,0.0093466
200,2496.69,0.59725,0.33994,0.813,0.84548,0.67076,0.76942,0.5978,0.6983,0.42972,0.8697,0.0093433,0.0093433,0.0093433
201,2508.74,0.59091,0.33556,0.8161,0.87369,0.66544,0.77615,0.60416,0.70121,0.43826,0.86655,0.00934,0.00934,0.00934
202,2520.82,0.59633,0.33694,0.81484,0.87436,0.67166,0.78137,0.60633,0.71102,0.43107,0.8661,0.0093367,0.0093367,0.0093367
203,2532.88,0.60453,0.34257,0.81367,0.87654,0.66702,0.77871,0.60552,0.70572,0.4384,0.86642,0.0093334,0.0093334,0.0093334
204,2544.84,0.5889,0.34597,0.81358,0.86437,0.67445,0.77674,0.59929,0.71152,0.4372,0.86628,0.0093301,0.0093301,0.0093301
205,2556.86,0.59521,0.34298,0.81379,0.86859,0.67468,0.77988,0.60852,0.69354,0.43019,0.86919,0.0093268,0.0093268,0.0093268
206,2568.77,0.55966,0.32941,0.81317,0.85959,0.66097,0.76585,0.5917,0.72133,0.43717,0.87125,0.0093235,0.0093235,0.0093235
207,2580.73,0.59689,0.33795,0.81379,0.85804,0.68021,0.77977,0.60539,0.7057,0.42593,0.86896,0.0093202,0.0093202,0.0093202
208,2593.16,0.60599,0.33889,0.81481,0.85954,0.68092,0.77961,0.61027,0.68291,0.42654,0.86519,0.0093169,0.0093169,0.0093169
209,2605.33,0.58852,0.33294,0.81298,0.86066,0.67593,0.78146,0.60998,0.70627,0.42185,0.87053,0.0093136,0.0093136,0.0093136
210,2617.45,0.57726,0.32882,0.81219,0.86585,0.67647,0.78154,0.61135,0.68475,0.42286,0.86356,0.0093103,0.0093103,0.0093103
211,2629.6,0.58399,0.33343,0.80945,0.87685,0.67357,0.78508,0.61495,0.67022,0.42392,0.86245,0.009307,0.009307,0.009307
212,2641.84,0.56997,0.33048,0.81371,0.84657,0.6842,0.77743,0.60426,0.69044,0.42232,0.86544,0.0093037,0.0093037,0.0093037
213,2653.92,0.57157,0.32779,0.81171,0.8714,0.66738,0.77551,0.60279,0.69579,0.43231,0.86704,0.0093004,0.0093004,0.0093004
214,2665.96,0.58708,0.34197,0.80989,0.85708,0.68252,0.78192,0.61214,0.68242,0.42714,0.86332,0.0092971,0.0092971,0.0092971
215,2678.33,0.56497,0.33075,0.8089,0.88812,0.67326,0.78528,0.62079,0.66654,0.42747,0.86228,0.0092938,0.0092938,0.0092938
216,2690.72,0.58135,0.33513,0.81022,0.88374,0.67308,0.77629,0.60962,0.68553,0.4307,0.86617,0.0092905,0.0092905,0.0092905
217,2702.81,0.58079,0.33095,0.80979,0.89128,0.66578,0.77652,0.60894,0.68496,0.43166,0.86365,0.0092872,0.0092872,0.0092872
218,2714.93,0.57217,0.33995,0.81143,0.87121,0.68003,0.78169,0.61198,0.68666,0.41973,0.86792,0.0092839,0.0092839,0.0092839
219,2727.05,0.56954,0.32713,0.81272,0.89484,0.6697,0.78669,0.61848,0.67207,0.42629,0.86398,0.0092806,0.0092806,0.0092806
220,2739.11,0.56641,0.32691,0.81076,0.88293,0.6729,0.77907,0.61249,0.67576,0.42877,0.8657,0.0092773,0.0092773,0.0092773
221,2751.17,0.56428,0.32717,0.8119,0.89261,0.66931,0.78415,0.61588,0.68752,0.41593,0.86693,0.009274,0.009274,0.009274
222,2763.64,0.57489,0.32935,0.81047,0.88019,0.68323,0.78987,0.62558,0.67138,0.42122,0.86233,0.0092707,0.0092707,0.0092707
223,2775.85,0.57404,0.33483,0.80901,0.87976,0.67647,0.78347,0.61757,0.67179,0.4228,0.86561,0.0092674,0.0092674,0.0092674
224,2787.98,0.57542,0.33272,0.81172,0.87921,0.67561,0.78306,0.61978,0.66089,0.41972,0.86462,0.0092641,0.0092641,0.0092641
225,2800.05,0.55807,0.32539,0.80856,0.87407,0.67762,0.7731,0.60498,0.66815,0.41355,0.86505,0.0092608,0.0092608,0.0092608
226,2812.01,0.54693,0.32169,0.80627,0.8648,0.68573,0.78753,0.61803,0.67347,0.41852,0.86452,0.0092575,0.0092575,0.0092575
227,2824.04,0.56479,0.32253,0.80965,0.87732,0.67059,0.78289,0.61422,0.68627,0.42833,0.86659,0.0092542,0.0092542,0.0092542
228,2836.14,0.58355,0.33569,0.81421,0.8895,0.67361,0.78471,0.6185,0.6777,0.42472,0.86845,0.0092509,0.0092509,0.0092509
229,2848.16,0.56862,0.3303,0.81207,0.8763,0.68573,0.78832,0.62162,0.66971,0.43048,0.86526,0.0092476,0.0092476,0.0092476
230,2860.18,0.56419,0.33189,0.80847,0.89773,0.66275,0.78071,0.61287,0.68133,0.43531,0.86349,0.0092443,0.0092443,0.0092443
231,2872.2,0.56121,0.33328,0.80922,0.85452,0.68646,0.77777,0.60933,0.68139,0.42883,0.86597,0.009241,0.009241,0.009241
232,2884.28,0.5833,0.33216,0.80985,0.86703,0.68192,0.78148,0.61235,0.68657,0.42709,0.86794,0.0092377,0.0092377,0.0092377
233,2896.36,0.57347,0.33259,0.81319,0.85299,0.67914,0.77751,0.6145,0.66682,0.42697,0.86453,0.0092344,0.0092344,0.0092344
234,2908.36,0.57046,0.32414,0.80841,0.85748,0.66774,0.77388,0.61098,0.67304,0.42322,0.86512,0.0092311,0.0092311,0.0092311
235,2920.42,0.56333,0.32468,0.80796,0.86671,0.67807,0.77886,0.61536,0.66399,0.41857,0.86379,0.0092278,0.0092278,0.0092278
236,2932.41,0.56898,0.32466,0.8087,0.88743,0.66702,0.78245,0.61777,0.66259,0.41842,0.86362,0.0092245,0.0092245,0.0092245
237,2944.32,0.54817,0.31928,0.80744,0.87165,0.68199,0.78295,0.61242,0.67922,0.43041,0.86546,0.0092212,0.0092212,0.0092212
238,2956.39,0.54329,0.31819,0.80885,0.87496,0.67442,0.78292,0.61766,0.67655,0.4262,0.86589,0.0092179,0.0092179,0.0092179
239,2968.46,0.56478,0.3301,0.81005,0.87995,0.67643,0.78162,0.61645,0.66763,0.41702,0.86683,0.0092146,0.0092146,0.0092146
240,2980.48,0.54921,0.31618,0.80839,0.85472,0.69389,0.78408,0.62188,0.65289,0.40818,0.86402,0.0092113,0.0092113,0.0092113
241,2992.53,0.55431,0.3203,0.81045,0.85832,0.69303,0.78916,0.6252,0.65912,0.41336,0.86073,0.009208,0.009208,0.009208
242,3004.54,0.56793,0.33078,0.81038,0.86594,0.69162,0.78772,0.61843,0.67405,0.42079,0.86471,0.0092047,0.0092047,0.0092047
243,3016.57,0.56305,0.32573,0.80864,0.86835,0.68276,0.77816,0.61187,0.68498,0.42896,0.86567,0.0092014,0.0092014,0.0092014
244,3028.61,0.5404,0.31945,0.8067,0.88147,0.67174,0.78432,0.6229,0.65064,0.41845,0.8593,0.0091981,0.0091981,0.0091981
245,3040.67,0.55707,0.32084,0.8086,0.87464,0.6811,0.78578,0.62221,0.66885,0.42439,0.86393,0.0091948,0.0091948,0.0091948
246,3052.84,0.5608,0.32444,0.81123,0.87596,0.68193,0.79094,0.62725,0.66243,0.42019,0.86597,0.0091915,0.0091915,0.0091915
247,3064.98,0.56044,0.33081,0.80862,0.8721,0.6803,0.78107,0.61786,0.66644,0.42788,0.86571,0.0091882,0.0091882,0.0091882
248,3077.42,0.55521,0.32284,0.80807,0.8776,0.68341,0.79021,0.62868,0.65148,0.41651,0.86237,0.0091849,0.0091849,0.0091849
249,3089.69,0.55107,0.32006,0.80998,0.87483,0.68359,0.78909,0.6252,0.65073,0.42144,0.86067,0.0091816,0.0091816,0.0091816
250,3101.74,0.54321,0.31962,0.80534,0.87993,0.69054,0.79619,0.63091,0.6569,0.41978,0.86472,0.0091783,0.0091783,0.0091783
251,3113.79,0.53945,0.31708,0.80787,0.877,0.69197,0.79571,0.63613,0.63241,0.40811,0.85811,0.009175,0.009175,0.009175
252,3125.95,0.5283,0.31402,0.80633,0.86829,0.68123,0.78275,0.61885,0.65351,0.40982,0.86458,0.0091717,0.0091717,0.0091717
253,3138.03,0.56015,0.31905,0.80953,0.88476,0.68341,0.78855,0.62842,0.64141,0.40363,0.86503,0.0091684,0.0091684,0.0091684
254,3150.28,0.5531,0.31836,0.81024,0.88682,0.68555,0.79503,0.6329,0.64411,0.41406,0.86347,0.0091651,0.0091651,0.0091651
255,3162.35,0.55218,0.32657,0.80762,0.87151,0.70212,0.79806,0.63432,0.64526,0.40443,0.86328,0.0091618,0.0091618,0.0091618
256,3174.45,0.54802,0.31424,0.8056,0.87325,0.69428,0.79087,0.62566,0.66512,0.41177,0.86618,0.0091585,0.0091585,0.0091585
257,3186.46,0.54848,0.31352,0.80711,0.89556,0.67647,0.79274,0.63159,0.65523,0.41012,0.86228,0.0091552,0.0091552,0.0091552
258,3198.66,0.53155,0.31373,0.80445,0.88303,0.68322,0.78967,0.62647,0.6488,0.40704,0.86174,0.0091519,0.0091519,0.0091519
259,3210.59,0.53555,0.31692,0.80582,0.8549,0.6631,0.76591,0.59239,0.73283,0.44669,0.87436,0.0091486,0.0091486,0.0091486
260,3222.6,0.55735,0.31967,0.80523,0.8905,0.67082,0.78973,0.62875,0.65324,0.42045,0.86211,0.0091453,0.0091453,0.0091453
261,3234.56,0.53809,0.31309,0.8056,0.87243,0.68959,0.79166,0.62983,0.64992,0.40521,0.86206,0.009142,0.009142,0.009142
262,3246.67,0.55689,0.31856,0.80806,0.86012,0.67166,0.76967,0.60094,0.71924,0.45204,0.87479,0.0091387,0.0091387,0.0091387
263,3258.75,0.54846,0.314,0.80569,0.88545,0.68306,0.79373,0.63142,0.64344,0.41325,0.8598,0.0091354,0.0091354,0.0091354
264,3270.78,0.53771,0.31484,0.80262,0.87107,0.68894,0.79187,0.63289,0.64332,0.40578,0.86069,0.0091321,0.0091321,0.0091321
265,3282.85,0.52771,0.31644,0.80336,0.86072,0.69802,0.79529,0.63745,0.63814,0.40823,0.85805,0.0091288,0.0091288,0.0091288
266,3294.92,0.51885,0.30464,0.80414,0.87346,0.69553,0.79591,0.63169,0.65361,0.4113,0.86236,0.0091255,0.0091255,0.0091255
267,3306.92,0.53558,0.31424,0.80516,0.88198,0.67593,0.78898,0.627,0.65131,0.41233,0.86241,0.0091222,0.0091222,0.0091222
268,3318.89,0.52782,0.30867,0.8009,0.88695,0.67166,0.78446,0.62638,0.65289,0.4141,0.8602,0.0091189,0.0091189,0.0091189
269,3330.94,0.52924,0.306,0.80219,0.88319,0.677,0.79261,0.63309,0.64615,0.40947,0.85939,0.0091156,0.0091156,0.0091156
270,3342.9,0.51555,0.31034,0.80389,0.87473,0.68056,0.78966,0.63017,0.64986,0.40915,0.86014,0.0091123,0.0091123,0.0091123
271,3354.93,0.53317,0.3151,0.80624,0.87391,0.6843,0.79235,0.63427,0.6393,0.40619,0.86189,0.009109,0.009109,0.009109
272,3366.87,0.52862,0.30711,0.80564,0.87896,0.68697,0.79577,0.64004,0.62147,0.40018,0.86064,0.0091057,0.0091057,0.0091057
273,3378.98,0.52733,0.3053,0.80507,0.88769,0.67807,0.7908,0.63632,0.63273,0.40732,0.86069,0.0091024,0.0091024,0.0091024
274,3391.1,0.53479,0.31123,0.80242,0.88678,0.68235,0.79255,0.63731,0.63431,0.40809,0.85871,0.0090991,0.0090991,0.0090991
275,3403.14,0.51754,0.30448,0.80419,0.87348,0.68881,0.79345,0.63974,0.62121,0.41032,0.85839,0.0090958,0.0090958,0.0090958
276,3415.24,0.52693,0.30516,0.80275,0.87515,0.68188,0.79196,0.63583,0.62543,0.40917,0.86123,0.0090925,0.0090925,0.0090925
277,3427.26,0.51636,0.30551,0.80444,0.87636,0.68698,0.7907,0.63773,0.61783,0.40487,0.85678,0.0090892,0.0090892,0.0090892
278,3439.39,0.52283,0.30508,0.80133,0.88702,0.67753,0.79034,0.63781,0.62408,0.40527,0.85901,0.0090859,0.0090859,0.0090859
279,3451.37,0.51459,0.3063,0.80177,0.8881,0.69425,0.79985,0.64306,0.62374,0.40491,0.85721,0.0090826,0.0090826,0.0090826
280,3463.44,0.52071,0.30979,0.80371,0.8922,0.68609,0.79568,0.63985,0.62453,0.40246,0.86051,0.0090793,0.0090793,0.0090793
281,3475.6,0.53255,0.30748,0.80248,0.87147,0.68615,0.78716,0.63316,0.64097,0.40192,0.86196,0.009076,0.009076,0.009076
282,3487.74,0.51476,0.30177,0.80223,0.87912,0.6941,0.79645,0.63995,0.6325,0.40542,0.86128,0.0090727,0.0090727,0.0090727
283,3499.79,0.51751,0.30944,0.8006,0.87686,0.6884,0.79613,0.6412,0.62144,0.4019,0.86098,0.0090694,0.0090694,0.0090694
284,3512.22,0.5233,0.3064,0.80346,0.88617,0.6884,0.79653,0.64325,0.61481,0.40097,0.85847,0.0090661,0.0090661,0.0090661
285,3524.37,0.51799,0.30332,0.80202,0.89619,0.67344,0.7929,0.64288,0.61006,0.40492,0.86019,0.0090628,0.0090628,0.0090628
286,3536.47,0.50015,0.30775,0.79987,0.89658,0.68038,0.79522,0.64106,0.61172,0.40475,0.85551,0.0090595,0.0090595,0.0090595
287,3548.5,0.51184,0.30602,0.80404,0.8868,0.69856,0.80072,0.64439,0.6101,0.39493,0.85425,0.0090562,0.0090562,0.0090562
288,3560.7,0.52388,0.30549,0.80228,0.88983,0.69464,0.79876,0.64293,0.61342,0.39401,0.85441,0.0090529,0.0090529,0.0090529
289,3572.84,0.5122,0.30152,0.80018,0.88617,0.70321,0.80384,0.64881,0.61567,0.38883,0.8589,0.0090496,0.0090496,0.0090496
290,3585.15,0.51751,0.30955,0.80267,0.88119,0.69286,0.79681,0.6448,0.61954,0.39359,0.86168,0.0090463,0.0090463,0.0090463
291,3597.26,0.50634,0.3048,0.80361,0.88648,0.6884,0.7954,0.64639,0.61139,0.38768,0.85983,0.009043,0.009043,0.009043
292,3609.25,0.5151,0.30192,0.79979,0.87699,0.69099,0.79907,0.64638,0.61659,0.39646,0.85795,0.0090397,0.0090397,0.0090397
293,3621.29,0.51686,0.30314,0.80473,0.87052,0.69909,0.80007,0.64292,0.62154,0.39991,0.85795,0.0090364,0.0090364,0.0090364
294,3633.27,0.51234,0.30294,0.80352,0.88194,0.69553,0.79803,0.63831,0.62564,0.38968,0.85954,0.0090331,0.0090331,0.0090331
295,3645.26,0.50132,0.29558,0.80096,0.88051,0.69517,0.79644,0.6431,0.60941,0.39066,0.85506,0.0090298,0.0090298,0.0090298
296,3657.34,0.51136,0.29971,0.80111,0.89007,0.68466,0.79906,0.64631,0.61527,0.40056,0.85949,0.0090265,0.0090265,0.0090265
297,3669.37,0.50012,0.29781,0.80134,0.90022,0.67949,0.79944,0.64583,0.60831,0.39298,0.85525,0.0090232,0.0090232,0.0090232
298,3681.4,0.51874,0.30438,0.80246,0.89048,0.68822,0.79976,0.64582,0.61505,0.39939,0.85271,0.0090199,0.0090199,0.0090199
299,3693.46,0.51093,0.30032,0.80184,0.89091,0.68751,0.80005,0.64693,0.61513,0.39322,0.8524,0.0090166,0.0090166,0.0090166
300,3705.45,0.50166,0.29839,0.80343,0.87889,0.69517,0.79795,0.64556,0.61759,0.38765,0.85475,0.0090133,0.0090133,0.0090133
301,3717.39,0.51077,0.30938,0.80055,0.88827,0.68837,0.79825,0.6432,0.62446,0.39158,0.85866,0.00901,0.00901,0.00901
302,3729.45,0.50189,0.30042,0.80027,0.89257,0.69419,0.80332,0.6551,0.60488,0.38322,0.85781,0.0090067,0.0090067,0.0090067
303,3741.53,0.4997,0.29515,0.80071,0.89373,0.69553,0.80337,0.65249,0.60461,0.37575,0.85734,0.0090034,0.0090034,0.0090034
304,3753.66,0.49746,0.29822,0.80031,0.8969,0.6912,0.80519,0.65438,0.60135,0.38247,0.85703,0.0090001,0.0090001,0.0090001
305,3765.65,0.5013,0.30064,0.80034,0.89532,0.68877,0.8019,0.65396,0.59929,0.38924,0.85662,0.0089968,0.0089968,0.0089968
306,3777.59,0.48493,0.29277,0.79969,0.88439,0.69713,0.80226,0.64884,0.61642,0.38893,0.85784,0.0089935,0.0089935,0.0089935
307,3789.64,0.50379,0.29379,0.8015,0.89808,0.68132,0.80005,0.64862,0.61651,0.38956,0.85849,0.0089902,0.0089902,0.0089902
308,3801.65,0.50835,0.30129,0.80105,0.89312,0.68479,0.79957,0.64799,0.60925,0.38901,0.85447,0.0089869,0.0089869,0.0089869
309,3813.7,0.5212,0.30189,0.79844,0.88998,0.69392,0.80461,0.65203,0.60883,0.39279,0.85243,0.0089836,0.0089836,0.0089836
310,3825.73,0.50029,0.29321,0.80093,0.87388,0.69553,0.80064,0.65211,0.60536,0.39563,0.85215,0.0089803,0.0089803,0.0089803
311,3837.8,0.51388,0.30384,0.80039,0.87929,0.69891,0.80506,0.64909,0.61138,0.3955,0.85805,0.008977,0.008977,0.008977
312,3849.89,0.5042,0.3039,0.80065,0.90208,0.68715,0.80479,0.65481,0.60117,0.38955,0.86016,0.0089737,0.0089737,0.0089737
313,3861.93,0.50485,0.30132,0.8021,0.88274,0.69474,0.80018,0.65235,0.60232,0.38837,0.85939,0.0089704,0.0089704,0.0089704
314,3873.88,0.4944,0.29176,0.79894,0.88383,0.69534,0.80285,0.65286,0.59858,0.3879,0.85571,0.0089671,0.0089671,0.0089671
315,3885.95,0.50513,0.2942,0.80141,0.884,0.70058,0.80585,0.65712,0.59461,0.39025,0.85172,0.0089638,0.0089638,0.0089638
316,3898.06,0.50224,0.29405,0.79836,0.87714,0.69464,0.80066,0.65081,0.60564,0.39945,0.85421,0.0089605,0.0089605,0.0089605
317,3910.18,0.51507,0.29992,0.7999,0.8866,0.68951,0.79922,0.65168,0.60265,0.39738,0.85745,0.0089572,0.0089572,0.0089572
318,3922.13,0.48983,0.288,0.79893,0.87353,0.68858,0.79459,0.64776,0.61101,0.40041,0.85959,0.0089539,0.0089539,0.0089539
319,3934.25,0.50894,0.29705,0.80035,0.88158,0.70105,0.80389,0.65079,0.60202,0.39049,0.86044,0.0089506,0.0089506,0.0089506
320,3946.3,0.49346,0.28923,0.79813,0.87603,0.69392,0.79967,0.64698,0.60589,0.39235,0.85876,0.0089473,0.0089473,0.0089473
321,3958.32,0.49664,0.29499,0.79924,0.88875,0.69737,0.80427,0.65423,0.59363,0.39343,0.85151,0.008944,0.008944,0.008944
322,3970.33,0.48943,0.29635,0.80005,0.89375,0.69125,0.80269,0.65245,0.60091,0.39587,0.85509,0.0089407,0.0089407,0.0089407
323,3982.35,0.49418,0.29075,0.79931,0.88586,0.69606,0.80419,0.65066,0.61533,0.3997,0.85839,0.0089374,0.0089374,0.0089374
324,3994.35,0.48093,0.2848,0.79648,0.88679,0.69268,0.80054,0.65183,0.60412,0.38772,0.85468,0.0089341,0.0089341,0.0089341
325,4006.25,0.49956,0.29631,0.80053,0.90451,0.69025,0.80469,0.65727,0.59685,0.38607,0.85661,0.0089308,0.0089308,0.0089308
326,4018.37,0.49146,0.30877,0.79859,0.8806,0.6977,0.79916,0.64891,0.60927,0.39028,0.85605,0.0089275,0.0089275,0.0089275
327,4030.42,0.49227,0.29082,0.8004,0.89042,0.70141,0.80791,0.66239,0.58957,0.38175,0.85468,0.0089242,0.0089242,0.0089242
328,4042.35,0.4979,0.29341,0.79734,0.88887,0.69446,0.80182,0.6565,0.59335,0.37839,0.85511,0.0089209,0.0089209,0.0089209
329,4054.28,0.49578,0.29012,0.80044,0.89442,0.68234,0.80036,0.65591,0.59422,0.38408,0.85578,0.0089176,0.0089176,0.0089176
330,4066.26,0.48271,0.29021,0.79923,0.85903,0.6941,0.79409,0.64774,0.60569,0.38286,0.85574,0.0089143,0.0089143,0.0089143
331,4078.37,0.49955,0.29068,0.79825,0.87294,0.69891,0.80325,0.65802,0.59311,0.38163,0.85232,0.008911,0.008911,0.008911
332,4090.33,0.49455,0.28975,0.79992,0.88864,0.68626,0.80339,0.66021,0.5885,0.37838,0.85384,0.0089077,0.0089077,0.0089077
333,4102.38,0.49427,0.29337,0.79956,0.88862,0.68359,0.79982,0.65373,0.59663,0.38637,0.85331,0.0089044,0.0089044,0.0089044
334,4114.49,0.48587,0.29314,0.79713,0.90451,0.675,0.80035,0.6546,0.59823,0.39443,0.85283,0.0089011,0.0089011,0.0089011
335,4126.59,0.47812,0.29005,0.79892,0.87586,0.69512,0.80426,0.65835,0.59189,0.38736,0.85066,0.0088978,0.0088978,0.0088978
336,4138.65,0.48949,0.2928,0.79919,0.87509,0.70052,0.80018,0.65186,0.60307,0.39506,0.85134,0.0088945,0.0088945,0.0088945
337,4150.71,0.48936,0.28953,0.7995,0.89338,0.68368,0.80176,0.65727,0.59383,0.39509,0.85182,0.0088912,0.0088912,0.0088912
338,4162.87,0.50274,0.29433,0.79688,0.88929,0.69125,0.80325,0.65998,0.58093,0.39124,0.85075,0.0088879,0.0088879,0.0088879
339,4174.82,0.48232,0.2882,0.7955,0.8884,0.69633,0.80257,0.65725,0.58375,0.38736,0.85196,0.0088846,0.0088846,0.0088846
340,4186.87,0.48871,0.28769,0.79669,0.88161,0.70194,0.80522,0.65927,0.58098,0.38141,0.85111,0.0088813,0.0088813,0.0088813
341,4198.83,0.48507,0.28399,0.79713,0.90327,0.69571,0.80483,0.66084,0.58803,0.38179,0.85637,0.008878,0.008878,0.008878
342,4210.91,0.48797,0.28824,0.7987,0.89097,0.70172,0.80575,0.66031,0.58714,0.37254,0.85767,0.0088747,0.0088747,0.0088747
343,4222.96,0.47478,0.28443,0.79553,0.8894,0.69678,0.80557,0.65899,0.59245,0.38074,0.85973,0.0088714,0.0088714,0.0088714
344,4235.1,0.49047,0.29444,0.79865,0.87063,0.70087,0.79264,0.64424,0.60312,0.38283,0.85604,0.0088681,0.0088681,0.0088681
345,4247.2,0.50879,0.30899,0.80143,0.88491,0.6959,0.80315,0.65817,0.58927,0.38538,0.85412,0.0088648,0.0088648,0.0088648
346,4259.28,0.4971,0.29199,0.79625,0.88724,0.69927,0.80023,0.65836,0.58778,0.38843,0.8547,0.0088615,0.0088615,0.0088615
347,4271.31,0.49906,0.29237,0.79921,0.89095,0.69392,0.8029,0.66098,0.59241,0.38458,0.85542,0.0088582,0.0088582,0.0088582
348,4283.33,0.4843,0.29197,0.79748,0.87477,0.69945,0.80132,0.65957,0.5902,0.38157,0.85787,0.0088549,0.0088549,0.0088549
349,4295.33,0.48946,0.29401,0.79793,0.88265,0.69624,0.80034,0.65568,0.58737,0.38198,0.85379,0.0088516,0.0088516,0.0088516
350,4307.35,0.48619,0.28852,0.79968,0.87301,0.6969,0.80136,0.65643,0.58694,0.37743,0.85171,0.0088483,0.0088483,0.0088483
351,4319.37,0.48246,0.28727,0.79484,0.88665,0.69961,0.8115,0.66999,0.57447,0.38351,0.84929,0.008845,0.008845,0.008845
352,4331.49,0.49455,0.29794,0.79788,0.88542,0.69606,0.80409,0.66399,0.58489,0.38606,0.85411,0.0088417,0.0088417,0.0088417
353,4343.48,0.49086,0.29281,0.79992,0.88401,0.69767,0.80248,0.65758,0.59438,0.38157,0.8572,0.0088384,0.0088384,0.0088384
354,4355.46,0.48056,0.28964,0.79777,0.87665,0.70397,0.80466,0.65693,0.59738,0.38825,0.85529,0.0088351,0.0088351,0.0088351
355,4367.54,0.48548,0.2841,0.7954,0.88045,0.69695,0.80462,0.659,0.58494,0.38294,0.85417,0.0088318,0.0088318,0.0088318
356,4379.49,0.48232,0.28351,0.79793,0.88062,0.69391,0.80317,0.65942,0.58032,0.37934,0.85369,0.0088285,0.0088285,0.0088285
357,4391.43,0.47423,0.28678,0.79694,0.88774,0.69313,0.80631,0.66118,0.58169,0.37379,0.85493,0.0088252,0.0088252,0.0088252
358,4403.46,0.48774,0.287,0.80076,0.87853,0.69706,0.80153,0.65466,0.59488,0.3851,0.85504,0.0088219,0.0088219,0.0088219
359,4415.47,0.48677,0.28835,0.79779,0.87595,0.70034,0.80112,0.65658,0.58215,0.38599,0.85599,0.0088186,0.0088186,0.0088186
360,4427.46,0.49012,0.28756,0.79843,0.87828,0.70577,0.80135,0.65684,0.57698,0.37731,0.85359,0.0088153,0.0088153,0.0088153
361,4439.54,0.48025,0.28471,0.79354,0.88744,0.70123,0.80418,0.65668,0.584,0.37181,0.85465,0.008812,0.008812,0.008812
362,4451.52,0.4751,0.28693,0.79556,0.8868,0.70408,0.8093,0.66116,0.58361,0.36833,0.85365,0.0088087,0.0088087,0.0088087
363,4463.46,0.48036,0.29033,0.79627,0.88658,0.69642,0.80665,0.66058,0.57797,0.37281,0.85216,0.0088054,0.0088054,0.0088054
364,4475.48,0.47469,0.28372,0.79535,0.88192,0.69989,0.8042,0.65993,0.58057,0.37272,0.85241,0.0088021,0.0088021,0.0088021
365,4487.39,0.4741,0.29477,0.79576,0.88266,0.7049,0.80825,0.6632,0.57787,0.37196,0.85142,0.0087988,0.0087988,0.0087988
366,4499.41,0.46757,0.28216,0.798,0.89377,0.70001,0.81102,0.66787,0.58008,0.37753,0.85464,0.0087955,0.0087955,0.0087955
367,4511.84,0.47402,0.27893,0.7952,0.88724,0.70301,0.80914,0.66358,0.57763,0.3749,0.85438,0.0087922,0.0087922,0.0087922
368,4524.02,0.47068,0.28222,0.79557,0.87766,0.70853,0.80943,0.66751,0.57264,0.37314,0.85336,0.0087889,0.0087889,0.0087889
369,4536.17,0.48034,0.29313,0.79779,0.89124,0.70803,0.80993,0.66613,0.57643,0.38127,0.85486,0.0087856,0.0087856,0.0087856
370,4548.24,0.45901,0.28058,0.79452,0.8875,0.70319,0.80658,0.66692,0.57365,0.37952,0.85379,0.0087823,0.0087823,0.0087823
371,4560.3,0.45508,0.2791,0.79375,0.89295,0.7023,0.80779,0.66776,0.58265,0.38419,0.85172,0.008779,0.008779,0.008779
372,4572.37,0.47425,0.28286,0.79832,0.89134,0.70735,0.8107,0.67019,0.56585,0.37481,0.84965,0.0087757,0.0087757,0.0087757
373,4584.51,0.47095,0.28153,0.79683,0.88459,0.6978,0.80394,0.66032,0.58246,0.37842,0.85291,0.0087724,0.0087724,0.0087724
374,4596.64,0.47585,0.28258,0.79741,0.8835,0.69464,0.80506,0.66499,0.57971,0.37671,0.85104,0.0087691,0.0087691,0.0087691
375,4608.75,0.47442,0.28837,0.7957,0.89048,0.69357,0.80646,0.66714,0.56751,0.37551,0.84849,0.0087658,0.0087658,0.0087658
376,4620.77,0.47544,0.28771,0.79725,0.88908,0.69499,0.81,0.67209,0.56891,0.38954,0.84879,0.0087625,0.0087625,0.0087625
377,4632.75,0.47045,0.27707,0.79722,0.89661,0.67983,0.80594,0.67053,0.55992,0.38187,0.84828,0.0087592,0.0087592,0.0087592
378,4644.86,0.4654,0.27525,0.79493,0.89562,0.68377,0.80352,0.66515,0.56701,0.37553,0.85156,0.0087559,0.0087559,0.0087559
379,4656.97,0.4836,0.28636,0.79604,0.89162,0.68739,0.7978,0.65982,0.56818,0.37327,0.85246,0.0087526,0.0087526,0.0087526
380,4668.98,0.46824,0.28482,0.79717,0.88843,0.70084,0.80457,0.66911,0.55767,0.37015,0.84892,0.0087493,0.0087493,0.0087493
381,4681.05,0.48743,0.28793,0.79778,0.88328,0.69588,0.80179,0.6645,0.56695,0.3748,0.85044,0.008746,0.008746,0.008746
382,4693.07,0.46874,0.28086,0.79641,0.88624,0.69816,0.80402,0.66487,0.57484,0.37978,0.85228,0.0087427,0.0087427,0.0087427
383,4705.1,0.47747,0.28199,0.79283,0.8863,0.70444,0.80898,0.66808,0.57166,0.37634,0.85004,0.0087394,0.0087394,0.0087394
384,4717.19,0.47528,0.28507,0.79928,0.88732,0.70007,0.80474,0.66374,0.5737,0.37988,0.85422,0.0087361,0.0087361,0.0087361
385,4729.25,0.46666,0.28271,0.7925,0.88673,0.69872,0.80428,0.66897,0.56063,0.36797,0.85158,0.0087328,0.0087328,0.0087328
386,4741.31,0.4658,0.27902,0.79672,0.88536,0.70105,0.8085,0.67072,0.56411,0.3701,0.85087,0.0087295,0.0087295,0.0087295
387,4753.39,0.47564,0.28319,0.79489,0.88118,0.69764,0.80476,0.66779,0.5624,0.36971,0.85037,0.0087262,0.0087262,0.0087262
388,4765.37,0.4723,0.28208,0.79409,0.88189,0.70212,0.80657,0.66889,0.56468,0.37439,0.85058,0.0087229,0.0087229,0.0087229
389,4777.4,0.48094,0.28798,0.79646,0.89448,0.70568,0.81391,0.67175,0.56325,0.37114,0.84838,0.0087196,0.0087196,0.0087196
390,4789.5,0.46566,0.28201,0.79477,0.89142,0.70551,0.80967,0.67021,0.56426,0.37213,0.84755,0.0087163,0.0087163,0.0087163
391,4801.48,0.46704,0.2821,0.79471,0.87952,0.70444,0.80759,0.67222,0.55305,0.37081,0.84728,0.008713,0.008713,0.008713
392,4813.55,0.47078,0.28316,0.79697,0.89068,0.70622,0.80786,0.66961,0.55651,0.36585,0.84549,0.0087097,0.0087097,0.0087097
393,4825.59,0.46551,0.27763,0.79492,0.89276,0.69854,0.80631,0.67139,0.5477,0.36868,0.84462,0.0087064,0.0087064,0.0087064
394,4837.67,0.45529,0.27254,0.79467,0.8907,0.69856,0.80543,0.6707,0.55399,0.36802,0.85012,0.0087031,0.0087031,0.0087031
395,4849.65,0.46843,0.28275,0.79771,0.88344,0.69891,0.80511,0.66941,0.56093,0.37432,0.85095,0.0086998,0.0086998,0.0086998
396,4861.85,0.46466,0.27752,0.79514,0.88146,0.69856,0.80298,0.66687,0.56543,0.37981,0.84908,0.0086965,0.0086965,0.0086965
397,4873.82,0.47704,0.28292,0.79595,0.88877,0.70034,0.8078,0.67083,0.55786,0.38106,0.85091,0.0086932,0.0086932,0.0086932
398,4885.8,0.46256,0.27541,0.7939,0.87257,0.70586,0.80782,0.67135,0.56078,0.37572,0.85067,0.0086899,0.0086899,0.0086899
399,4897.8,0.46184,0.27525,0.79238,0.88423,0.70301,0.80774,0.67242,0.55767,0.37404,0.84928,0.0086866,0.0086866,0.0086866
400,4909.94,0.46294,0.27786,0.79396,0.88314,0.70417,0.80971,0.67435,0.55224,0.36965,0.84785,0.0086833,0.0086833,0.0086833
401,4921.97,0.45725,0.27454,0.79609,0.88032,0.70568,0.80768,0.66899,0.55812,0.37333,0.84925,0.00868,0.00868,0.00868
402,4933.94,0.44917,0.2719,0.79023,0.88686,0.70426,0.80963,0.67193,0.55587,0.37712,0.84997,0.0086767,0.0086767,0.0086767
403,4945.88,0.4532,0.27792,0.79322,0.8841,0.69784,0.80524,0.66696,0.56476,0.37835,0.84956,0.0086734,0.0086734,0.0086734
404,4957.98,0.47106,0.27982,0.79589,0.88643,0.70265,0.80857,0.67149,0.55581,0.37054,0.84755,0.0086701,0.0086701,0.0086701
405,4970.04,0.46466,0.27804,0.79588,0.87321,0.70515,0.80801,0.67082,0.55584,0.37292,0.84714,0.0086668,0.0086668,0.0086668
406,4981.99,0.46679,0.28096,0.79726,0.88003,0.70568,0.80911,0.67124,0.55892,0.37414,0.84958,0.0086635,0.0086635,0.0086635
407,4994.1,0.45786,0.27968,0.79247,0.88712,0.69867,0.80716,0.67112,0.55948,0.37975,0.85179,0.0086602,0.0086602,0.0086602
408,5006.28,0.45741,0.2772,0.79488,0.87453,0.70693,0.80742,0.67,0.55758,0.3716,0.84977,0.0086569,0.0086569,0.0086569
409,5018.26,0.46022,0.2745,0.79503,0.87527,0.70637,0.80475,0.66874,0.55687,0.36066,0.85162,0.0086536,0.0086536,0.0086536
410,5030.41,0.46343,0.27702,0.79609,0.8745,0.70016,0.80453,0.66801,0.55963,0.37016,0.85334,0.0086503,0.0086503,0.0086503
411,5042.44,0.47592,0.28113,0.796,0.88866,0.69784,0.80617,0.66996,0.55584,0.37153,0.84937,0.008647,0.008647,0.008647
412,5054.51,0.46325,0.27851,0.7949,0.87567,0.70769,0.80931,0.67347,0.54932,0.36384,0.84808,0.0086437,0.0086437,0.0086437
413,5066.54,0.46327,0.27975,0.79581,0.89554,0.69446,0.80712,0.6719,0.55527,0.37301,0.84875,0.0086404,0.0086404,0.0086404
414,5078.62,0.46191,0.27635,0.79591,0.88136,0.70301,0.80772,0.66996,0.55584,0.36888,0.84769,0.0086371,0.0086371,0.0086371
415,5090.66,0.4637,0.27747,0.79376,0.89502,0.70141,0.81228,0.67093,0.55959,0.3673,0.84912,0.0086338,0.0086338,0.0086338
416,5102.73,0.45176,0.27178,0.79355,0.89574,0.71014,0.81082,0.67282,0.55901,0.36185,0.85041,0.0086305,0.0086305,0.0086305
417,5114.72,0.45953,0.28737,0.79731,0.8929,0.70746,0.81207,0.67588,0.56167,0.36098,0.85066,0.0086272,0.0086272,0.0086272
418,5126.85,0.46046,0.27984,0.79578,0.89047,0.70246,0.80853,0.67401,0.55564,0.36282,0.85251,0.0086239,0.0086239,0.0086239
419,5138.93,0.4618,0.28139,0.79686,0.88598,0.70327,0.80674,0.67068,0.55654,0.36237,0.85169,0.0086206,0.0086206,0.0086206
420,5150.92,0.44823,0.27747,0.79616,0.9098,0.69197,0.81296,0.67535,0.54939,0.35518,0.84841,0.0086173,0.0086173,0.0086173
421,5162.86,0.45542,0.27188,0.79435,0.90481,0.69535,0.81373,0.67685,0.54427,0.35791,0.84916,0.008614,0.008614,0.008614
422,5174.95,0.45353,0.2705,0.79556,0.89343,0.6998,0.8117,0.67496,0.54413,0.35936,0.85069,0.0086107,0.0086107,0.0086107
423,5187,0.43917,0.26442,0.79384,0.88735,0.69553,0.80815,0.67078,0.55087,0.36716,0.85223,0.0086074,0.0086074,0.0086074
424,5199.09,0.45506,0.27022,0.79338,0.88737,0.70711,0.80942,0.67014,0.55589,0.37316,0.85199,0.0086041,0.0086041,0.0086041
425,5211.19,0.4682,0.27536,0.79504,0.89031,0.70907,0.8148,0.67964,0.54834,0.36836,0.85346,0.0086008,0.0086008,0.0086008
426,5223.3,0.44008,0.27116,0.79372,0.88052,0.70897,0.81391,0.67909,0.54575,0.37338,0.84905,0.0085975,0.0085975,0.0085975
427,5235.22,0.43973,0.26678,0.7939,0.90358,0.69124,0.81087,0.67615,0.54869,0.3752,0.84865,0.0085942,0.0085942,0.0085942
428,5247.4,0.44778,0.26694,0.79796,0.90148,0.68662,0.80767,0.67344,0.54927,0.37672,0.84853,0.0085909,0.0085909,0.0085909
429,5259.5,0.45811,0.27149,0.79246,0.89796,0.68805,0.80987,0.67738,0.54583,0.37788,0.84964,0.0085876,0.0085876,0.0085876
430,5271.44,0.44978,0.27221,0.79187,0.91164,0.68395,0.81096,0.67664,0.54923,0.37453,0.85177,0.0085843,0.0085843,0.0085843
431,5283.45,0.44249,0.26781,0.7933,0.88456,0.70574,0.81519,0.68003,0.54613,0.37198,0.85162,0.008581,0.008581,0.008581
432,5295.55,0.45247,0.26919,0.7918,0.90055,0.70123,0.8143,0.68092,0.53933,0.37197,0.84907,0.0085777,0.0085777,0.0085777
433,5307.61,0.44551,0.26796,0.79713,0.90679,0.70365,0.81628,0.68046,0.54353,0.37206,0.84528,0.0085744,0.0085744,0.0085744
434,5319.71,0.45394,0.27255,0.79448,0.89494,0.7042,0.81532,0.67965,0.54915,0.36871,0.84727,0.0085711,0.0085711,0.0085711
435,5331.71,0.43715,0.26615,0.79446,0.89499,0.70458,0.81408,0.67799,0.55042,0.37257,0.84939,0.0085678,0.0085678,0.0085678
436,5343.71,0.47711,0.27929,0.79499,0.89955,0.69695,0.81091,0.67608,0.54803,0.37458,0.85076,0.0085645,0.0085645,0.0085645
437,5355.82,0.43686,0.26573,0.79405,0.89463,0.70176,0.80979,0.67671,0.54212,0.37856,0.84945,0.0085612,0.0085612,0.0085612
438,5367.72,0.43459,0.26936,0.79136,0.89278,0.70248,0.81039,0.67667,0.53894,0.37429,0.84893,0.0085579,0.0085579,0.0085579
439,5379.69,0.4319,0.26562,0.79226,0.90479,0.69415,0.809,0.67638,0.54055,0.36815,0.8491,0.0085546,0.0085546,0.0085546
440,5391.8,0.45062,0.27126,0.79448,0.89054,0.70152,0.80943,0.67664,0.54216,0.36662,0.8492,0.0085513,0.0085513,0.0085513
441,5403.91,0.44973,0.27087,0.79496,0.89702,0.69367,0.80874,0.67671,0.54241,0.36777,0.84647,0.008548,0.008548,0.008548
442,5415.94,0.44964,0.26741,0.79095,0.88479,0.70657,0.81117,0.67591,0.54571,0.36394,0.84698,0.0085447,0.0085447,0.0085447
443,5427.99,0.45224,0.26822,0.79299,0.88224,0.69856,0.80832,0.6757,0.54079,0.36799,0.84549,0.0085414,0.0085414,0.0085414
444,5440.22,0.45349,0.26859,0.79401,0.90458,0.68403,0.80625,0.67511,0.53819,0.37149,0.84551,0.0085381,0.0085381,0.0085381
445,5452.26,0.44333,0.26855,0.79407,0.89116,0.69072,0.80644,0.67298,0.54801,0.37143,0.84886,0.0085348,0.0085348,0.0085348
446,5464.27,0.44561,0.27615,0.79509,0.8957,0.69927,0.81331,0.6799,0.54337,0.37148,0.84723,0.0085315,0.0085315,0.0085315
447,5476.36,0.4491,0.27309,0.79359,0.8848,0.70657,0.81523,0.68247,0.54358,0.37476,0.84843,0.0085282,0.0085282,0.0085282
448,5488.36,0.45463,0.27071,0.79304,0.89496,0.70711,0.816,0.68258,0.54542,0.37366,0.85062,0.0085249,0.0085249,0.0085249
449,5500.6,0.45078,0.27301,0.79371,0.88878,0.70711,0.81339,0.68,0.54964,0.37229,0.85203,0.0085216,0.0085216,0.0085216
450,5512.75,0.44816,0.26703,0.79096,0.88951,0.6998,0.80898,0.67917,0.54468,0.37225,0.85064,0.0085183,0.0085183,0.0085183
451,5524.79,0.43629,0.26473,0.79082,0.88632,0.70566,0.81271,0.68026,0.54168,0.37426,0.85015,0.008515,0.008515,0.008515
452,5536.86,0.44971,0.27068,0.7932,0.8869,0.70889,0.81594,0.68262,0.53755,0.37473,0.84844,0.0085117,0.0085117,0.0085117
453,5548.98,0.43851,0.26567,0.79264,0.8938,0.70471,0.8118,0.68019,0.54171,0.37302,0.85019,0.0085084,0.0085084,0.0085084
454,5561.12,0.45845,0.27772,0.79205,0.88565,0.70645,0.81276,0.68122,0.54332,0.37081,0.84996,0.0085051,0.0085051,0.0085051
455,5573.1,0.43758,0.27203,0.79146,0.88359,0.70859,0.81364,0.68122,0.53538,0.36419,0.8486,0.0085018,0.0085018,0.0085018
456,5585.03,0.42938,0.26881,0.79344,0.90478,0.69838,0.81233,0.67997,0.53809,0.36676,0.84991,0.0084985,0.0084985,0.0084985
457,5597.19,0.45363,0.26612,0.7937,0.91273,0.69502,0.81258,0.68158,0.54209,0.37189,0.85061,0.0084952,0.0084952,0.0084952
458,5609.23,0.44169,0.26479,0.79289,0.89134,0.70782,0.81484,0.68241,0.53556,0.37063,0.84952,0.0084919,0.0084919,0.0084919
459,5621.16,0.44657,0.26766,0.7924,0.88983,0.71225,0.81776,0.68432,0.53839,0.37228,0.85107,0.0084886,0.0084886,0.0084886
460,5633.25,0.43645,0.26194,0.79249,0.88923,0.70461,0.81483,0.68074,0.53964,0.37068,0.84934,0.0084853,0.0084853,0.0084853
461,5645.21,0.42684,0.25744,0.78987,0.89005,0.70533,0.81366,0.68092,0.53653,0.36882,0.84797,0.008482,0.008482,0.008482
462,5657.27,0.43305,0.26541,0.79208,0.89055,0.70306,0.81208,0.68003,0.53447,0.36779,0.85084,0.0084787,0.0084787,0.0084787
463,5669.61,0.44183,0.26982,0.79125,0.8846,0.70331,0.81176,0.68254,0.529,0.37057,0.84933,0.0084754,0.0084754,0.0084754
464,5681.79,0.43326,0.26689,0.79529,0.88656,0.70925,0.81529,0.68621,0.52737,0.37334,0.84972,0.0084721,0.0084721,0.0084721
465,5694.05,0.45359,0.27728,0.79161,0.90101,0.70248,0.81382,0.6843,0.53405,0.37907,0.84971,0.0084688,0.0084688,0.0084688
466,5706.19,0.4365,0.26637,0.79178,0.89205,0.70836,0.81343,0.68226,0.53731,0.37364,0.84956,0.0084655,0.0084655,0.0084655
467,5718.39,0.44506,0.26579,0.79051,0.88099,0.71085,0.81456,0.68057,0.54335,0.37548,0.85127,0.0084622,0.0084622,0.0084622
468,5730.6,0.43827,0.26371,0.79197,0.88109,0.71156,0.81542,0.6812,0.53815,0.37869,0.84906,0.0084589,0.0084589,0.0084589
469,5742.56,0.43228,0.26448,0.79069,0.89101,0.70105,0.81586,0.68316,0.5323,0.37387,0.84697,0.0084556,0.0084556,0.0084556
470,5754.63,0.44074,0.26597,0.79467,0.9017,0.69767,0.8155,0.68349,0.53007,0.37105,0.84782,0.0084523,0.0084523,0.0084523
471,5767.11,0.43774,0.26362,0.79313,0.88627,0.7039,0.81435,0.68501,0.52839,0.37419,0.84654,0.008449,0.008449,0.008449
472,5779.15,0.43096,0.26719,0.79088,0.88961,0.70551,0.81558,0.68614,0.52658,0.3696,0.84497,0.0084457,0.0084457,0.0084457
473,5791.42,0.43696,0.26474,0.78964,0.90579,0.70087,0.81594,0.685,0.5294,0.36958,0.84511,0.0084424,0.0084424,0.0084424
474,5803.42,0.44292,0.26367,0.78995,0.89135,0.71281,0.82024,0.68742,0.5269,0.37421,0.84527,0.0084391,0.0084391,0.0084391
475,5815.49,0.43882,0.26614,0.78999,0.90521,0.7023,0.81915,0.68595,0.52183,0.3727,0.84253,0.0084358,0.0084358,0.0084358
476,5827.62,0.43499,0.27224,0.79035,0.88378,0.71398,0.81795,0.68799,0.52681,0.37087,0.84716,0.0084325,0.0084325,0.0084325
477,5839.78,0.43487,0.26573,0.79221,0.89327,0.70824,0.817,0.68729,0.53095,0.36999,0.84829,0.0084292,0.0084292,0.0084292
478,5851.8,0.43493,0.26472,0.79063,0.90223,0.70319,0.81864,0.68833,0.53182,0.36517,0.85121,0.0084259,0.0084259,0.0084259
479,5863.91,0.44138,0.26416,0.79209,0.8963,0.70063,0.81496,0.68722,0.52775,0.35713,0.8472,0.0084226,0.0084226,0.0084226
480,5875.89,0.42488,0.25972,0.7886,0.89907,0.70301,0.81644,0.68762,0.53123,0.35889,0.84851,0.0084193,0.0084193,0.0084193
481,5888,0.44049,0.26518,0.79054,0.89367,0.71123,0.8194,0.68964,0.53111,0.35941,0.84956,0.008416,0.008416,0.008416
482,5900.15,0.43137,0.25987,0.79283,0.90161,0.71049,0.82044,0.69114,0.52997,0.36302,0.84958,0.0084127,0.0084127,0.0084127
483,5912.4,0.43837,0.26319,0.79193,0.89872,0.70248,0.81713,0.68834,0.53004,0.3616,0.85053,0.0084094,0.0084094,0.0084094
484,5924.43,0.42703,0.26262,0.78952,0.89372,0.70675,0.81523,0.68352,0.53409,0.3641,0.8488,0.0084061,0.0084061,0.0084061
485,5936.49,0.42589,0.26243,0.79122,0.89471,0.71388,0.81806,0.68838,0.52608,0.359,0.84779,0.0084028,0.0084028,0.0084028
486,5948.58,0.42792,0.26753,0.79043,0.90015,0.70711,0.82083,0.68945,0.52735,0.36106,0.84653,0.0083995,0.0083995,0.0083995
487,5960.68,0.42543,0.2598,0.7929,0.89339,0.71121,0.81974,0.6892,0.52246,0.35748,0.84656,0.0083962,0.0083962,0.0083962
488,5972.62,0.43476,0.26072,0.79242,0.89063,0.71673,0.82183,0.68955,0.5225,0.35713,0.84624,0.0083929,0.0083929,0.0083929
489,5984.7,0.43087,0.25985,0.79108,0.89484,0.71459,0.82208,0.6922,0.51937,0.3567,0.84675,0.0083896,0.0083896,0.0083896
490,5996.74,0.42441,0.2596,0.79191,0.89376,0.71584,0.82115,0.69047,0.52212,0.3628,0.84652,0.0083863,0.0083863,0.0083863
491,6008.82,0.42632,0.25704,0.79089,0.90038,0.70851,0.82031,0.69075,0.52216,0.36187,0.84569,0.008383,0.008383,0.008383
492,6020.83,0.43621,0.26273,0.79223,0.9002,0.7071,0.81796,0.69045,0.52093,0.36075,0.84543,0.0083797,0.0083797,0.0083797
493,6032.87,0.44136,0.26423,0.7902,0.89806,0.70889,0.81942,0.69126,0.52245,0.36091,0.84664,0.0083764,0.0083764,0.0083764
494,6044.88,0.43076,0.26439,0.79062,0.88963,0.71374,0.81963,0.69209,0.52283,0.36366,0.84667,0.0083731,0.0083731,0.0083731
495,6056.9,0.4142,0.26076,0.789,0.89227,0.70382,0.81709,0.69067,0.52169,0.3657,0.84719,0.0083698,0.0083698,0.0083698
496,6068.85,0.43851,0.26274,0.79095,0.88845,0.71103,0.81811,0.69075,0.52315,0.37167,0.84607,0.0083665,0.0083665,0.0083665
497,6080.88,0.42437,0.2588,0.78956,0.89486,0.7121,0.8185,0.68953,0.52528,0.36524,0.84687,0.0083632,0.0083632,0.0083632
498,6092.91,0.4272,0.26343,0.79206,0.89905,0.70942,0.81965,0.68923,0.52213,0.36364,0.84431,0.0083599,0.0083599,0.0083599
499,6104.89,0.42004,0.2588,0.78816,0.89533,0.70709,0.8193,0.68921,0.51806,0.3577,0.84279,0.0083566,0.0083566,0.0083566
500,6116.76,0.42691,0.25675,0.78938,0.8946,0.70465,0.81693,0.68759,0.52072,0.35434,0.84394,0.0083533,0.0083533,0.0083533
501,6128.86,0.42035,0.26337,0.78911,0.89405,0.70206,0.81712,0.68873,0.51898,0.35465,0.84421,0.00835,0.00835,0.00835
502,6140.85,0.4268,0.26259,0.79052,0.89402,0.70907,0.81853,0.69354,0.51154,0.35322,0.84343,0.0083467,0.0083467,0.0083467
503,6153.06,0.43836,0.2611,0.79028,0.89031,0.71292,0.81988,0.69275,0.51991,0.35624,0.84743,0.0083434,0.0083434,0.0083434
504,6165.09,0.422,0.25394,0.79105,0.88588,0.72225,0.8217,0.69309,0.52135,0.35792,0.84804,0.0083401,0.0083401,0.0083401
505,6177.16,0.43635,0.26057,0.79194,0.89448,0.71905,0.82257,0.69422,0.52219,0.36055,0.84832,0.0083368,0.0083368,0.0083368
506,6189.24,0.42096,0.25632,0.79062,0.88833,0.71673,0.81846,0.69383,0.5107,0.3594,0.84672,0.0083335,0.0083335,0.0083335
507,6201.2,0.42022,0.25688,0.79297,0.88162,0.71385,0.81755,0.6924,0.51447,0.36055,0.84727,0.0083302,0.0083302,0.0083302
508,6213.25,0.415,0.2564,0.78967,0.88168,0.71155,0.81682,0.69019,0.5162,0.3611,0.84513,0.0083269,0.0083269,0.0083269
509,6225.26,0.42461,0.25745,0.79099,0.8908,0.70675,0.81811,0.69129,0.51864,0.36378,0.84619,0.0083236,0.0083236,0.0083236
510,6237.25,0.42753,0.26003,0.79212,0.89111,0.71002,0.81992,0.69202,0.52457,0.36229,0.84844,0.0083203,0.0083203,0.0083203
511,6249.25,0.4173,0.25424,0.79012,0.8964,0.70601,0.81731,0.69017,0.52117,0.35825,0.84799,0.008317,0.008317,0.008317
512,6261.35,0.43843,0.26276,0.7875,0.90603,0.69909,0.81622,0.69186,0.51744,0.35884,0.84715,0.0083137,0.0083137,0.0083137
513,6273.29,0.4212,0.25391,0.79091,0.89621,0.70613,0.81876,0.69288,0.5171,0.35492,0.84704,0.0083104,0.0083104,0.0083104
514,6285.32,0.42691,0.25835,0.7888,0.89378,0.7064,0.81886,0.69389,0.5138,0.35915,0.84728,0.0083071,0.0083071,0.0083071
515,6297.39,0.43782,0.2677,0.79111,0.89306,0.70668,0.81798,0.69315,0.5105,0.35746,0.84593,0.0083038,0.0083038,0.0083038
516,6309.49,0.41445,0.26141,0.78984,0.89607,0.70508,0.81531,0.68715,0.51516,0.36119,0.84538,0.0083005,0.0083005,0.0083005
517,6321.56,0.43351,0.26578,0.79377,0.88975,0.71459,0.81823,0.69275,0.50973,0.36197,0.84674,0.0082972,0.0082972,0.0082972
518,6333.49,0.42111,0.25666,0.79034,0.87885,0.71211,0.81559,0.69209,0.51383,0.35798,0.84767,0.0082939,0.0082939,0.0082939
519,6345.63,0.43336,0.25675,0.79058,0.87539,0.71726,0.81735,0.69027,0.5168,0.35581,0.84881,0.0082906,0.0082906,0.0082906
520,6357.78,0.42318,0.25641,0.78988,0.88691,0.71257,0.81903,0.69292,0.51102,0.35437,0.84709,0.0082873,0.0082873,0.0082873
521,6369.72,0.40619,0.24967,0.78764,0.88948,0.7112,0.82114,0.69131,0.51857,0.36319,0.84843,0.008284,0.008284,0.008284
522,6381.76,0.4345,0.25742,0.78945,0.90115,0.70764,0.82102,0.693,0.51112,0.36366,0.84677,0.0082807,0.0082807,0.0082807
523,6393.8,0.42193,0.25588,0.78922,0.90609,0.71032,0.82201,0.69351,0.50749,0.36571,0.84455,0.0082774,0.0082774,0.0082774
524,6405.76,0.4199,0.25581,0.79075,0.90474,0.71441,0.82468,0.6938,0.50994,0.36641,0.84466,0.0082741,0.0082741,0.0082741
525,6417.8,0.41693,0.2594,0.78728,0.9142,0.70998,0.82499,0.69624,0.50653,0.36463,0.84419,0.0082708,0.0082708,0.0082708
526,6429.8,0.41411,0.25423,0.78926,0.91062,0.70607,0.8225,0.69589,0.5072,0.36083,0.8447,0.0082675,0.0082675,0.0082675
527,6441.84,0.43041,0.26114,0.78975,0.90085,0.71385,0.82189,0.69484,0.50998,0.36081,0.8433,0.0082642,0.0082642,0.0082642
528,6453.96,0.41643,0.25883,0.78934,0.90795,0.70823,0.81831,0.69348,0.50953,0.35891,0.84427,0.0082609,0.0082609,0.0082609
529,6465.94,0.43174,0.27156,0.79221,0.90645,0.70429,0.81932,0.69441,0.5051,0.35938,0.84335,0.0082576,0.0082576,0.0082576
530,6478.02,0.42335,0.26047,0.78953,0.90963,0.70119,0.82009,0.69352,0.5067,0.35374,0.84236,0.0082543,0.0082543,0.0082543
531,6490.07,0.43359,0.26227,0.7906,0.89903,0.70408,0.8175,0.69266,0.50222,0.34896,0.84214,0.008251,0.008251,0.008251
532,6502.07,0.42084,0.25525,0.78784,0.90004,0.69909,0.81462,0.6891,0.50739,0.35682,0.84312,0.0082477,0.0082477,0.0082477
533,6514.15,0.43151,0.26338,0.79041,0.90176,0.69767,0.81308,0.68711,0.51087,0.36064,0.84436,0.0082444,0.0082444,0.0082444
534,6526.26,0.43419,0.26255,0.79194,0.89126,0.71111,0.81729,0.68887,0.51516,0.35943,0.84368,0.0082411,0.0082411,0.0082411
535,6538.17,0.41858,0.25592,0.7888,0.88881,0.70568,0.81525,0.69091,0.50624,0.35968,0.84176,0.0082378,0.0082378,0.0082378
536,6550.23,0.43063,0.25768,0.78906,0.88919,0.70765,0.81531,0.69055,0.50573,0.36418,0.84121,0.0082345,0.0082345,0.0082345
537,6562.25,0.4151,0.25179,0.78871,0.89316,0.70598,0.8169,0.69185,0.50474,0.35923,0.8401,0.0082312,0.0082312,0.0082312
538,6574.31,0.42472,0.25514,0.79001,0.89881,0.71103,0.82134,0.69639,0.5026,0.35696,0.83916,0.0082279,0.0082279,0.0082279
539,6586.43,0.41243,0.25418,0.78666,0.89717,0.71345,0.82214,0.6951,0.50327,0.35151,0.84265,0.0082246,0.0082246,0.0082246
540,6598.37,0.42025,0.25668,0.78994,0.89868,0.71085,0.82062,0.69563,0.50199,0.35255,0.8433,0.0082213,0.0082213,0.0082213
541,6610.37,0.42667,0.25649,0.79087,0.9052,0.70596,0.82273,0.69589,0.50183,0.35497,0.84294,0.008218,0.008218,0.008218
542,6622.43,0.41688,0.25426,0.79117,0.89761,0.70729,0.82112,0.69598,0.50338,0.35556,0.84378,0.0082147,0.0082147,0.0082147
543,6634.5,0.40786,0.24834,0.78931,0.90353,0.70746,0.8201,0.69451,0.50656,0.35554,0.84417,0.0082114,0.0082114,0.0082114
544,6646.56,0.43642,0.25883,0.79021,0.89982,0.70726,0.82017,0.69201,0.5105,0.36081,0.8436,0.0082081,0.0082081,0.0082081
545,6658.6,0.42455,0.25633,0.78799,0.90245,0.70538,0.82018,0.69397,0.50933,0.36195,0.84415,0.0082048,0.0082048,0.0082048
546,6670.61,0.40749,0.25311,0.78574,0.90531,0.70347,0.81651,0.69269,0.50778,0.36056,0.84289,0.0082015,0.0082015,0.0082015
547,6682.63,0.40837,0.25455,0.78873,0.9088,0.70283,0.81912,0.69661,0.50772,0.36357,0.84347,0.0081982,0.0081982,0.0081982
548,6694.83,0.426,0.2624,0.78906,0.9039,0.69874,0.81858,0.69565,0.50415,0.35842,0.8421,0.0081949,0.0081949,0.0081949
549,6706.83,0.41981,0.25424,0.78946,0.91186,0.69606,0.82081,0.6991,0.50596,0.36357,0.84297,0.0081916,0.0081916,0.0081916
550,6718.88,0.4125,0.24973,0.78817,0.90865,0.69818,0.82236,0.69954,0.50216,0.36559,0.84129,0.0081883,0.0081883,0.0081883
551,6731.02,0.41668,0.25127,0.78855,0.8845,0.70996,0.82283,0.69779,0.50887,0.36713,0.84191,0.008185,0.008185,0.008185
552,6743.11,0.42238,0.25264,0.78734,0.89798,0.70996,0.82308,0.702,0.49842,0.36238,0.84132,0.0081817,0.0081817,0.0081817
553,6755.29,0.40829,0.25298,0.78917,0.90788,0.70622,0.82236,0.7009,0.50067,0.36512,0.84223,0.0081784,0.0081784,0.0081784
554,6767.27,0.42181,0.25916,0.78934,0.88811,0.70846,0.82115,0.70031,0.49527,0.36686,0.84,0.0081751,0.0081751,0.0081751
555,6779.23,0.41673,0.25288,0.78975,0.89769,0.70265,0.82052,0.69823,0.49815,0.36598,0.84068,0.0081718,0.0081718,0.0081718
556,6791.24,0.4135,0.25082,0.78823,0.8987,0.7049,0.81995,0.69793,0.50021,0.36561,0.84099,0.0081685,0.0081685,0.0081685
557,6803.36,0.40726,0.24752,0.78733,0.89009,0.71032,0.81992,0.69755,0.49991,0.36355,0.84121,0.0081652,0.0081652,0.0081652
558,6815.38,0.40917,0.25404,0.78839,0.8914,0.71798,0.82286,0.69911,0.50178,0.36031,0.84171,0.0081619,0.0081619,0.0081619
559,6827.38,0.41018,0.25196,0.78926,0.8966,0.71513,0.824,0.69864,0.49885,0.35308,0.84027,0.0081586,0.0081586,0.0081586
560,6839.4,0.40655,0.25232,0.78762,0.89453,0.7132,0.82384,0.69875,0.50295,0.35684,0.84256,0.0081553,0.0081553,0.0081553
561,6851.39,0.40912,0.24777,0.78739,0.89904,0.7123,0.82323,0.70058,0.50552,0.3557,0.84497,0.008152,0.008152,0.008152
562,6863.43,0.42113,0.25881,0.79101,0.90007,0.71087,0.8227,0.70039,0.50436,0.36033,0.84341,0.0081487,0.0081487,0.0081487
563,6875.51,0.41741,0.25494,0.78868,0.89925,0.71584,0.8235,0.70122,0.49939,0.35657,0.84144,0.0081454,0.0081454,0.0081454
564,6887.63,0.42137,0.25869,0.79229,0.90376,0.71477,0.82323,0.7016,0.5007,0.35761,0.84167,0.0081421,0.0081421,0.0081421
565,6899.67,0.41645,0.25416,0.78836,0.89869,0.71263,0.822,0.69898,0.50386,0.35684,0.8433,0.0081388,0.0081388,0.0081388
566,6911.73,0.43344,0.25575,0.7892,0.90026,0.70782,0.82095,0.69943,0.50154,0.35655,0.84176,0.0081355,0.0081355,0.0081355
567,6923.72,0.41979,0.25495,0.7907,0.90442,0.70301,0.82199,0.69889,0.49866,0.35749,0.83965,0.0081322,0.0081322,0.0081322
568,6935.83,0.4116,0.24909,0.7866,0.89069,0.71067,0.82374,0.70119,0.49919,0.36235,0.83983,0.0081289,0.0081289,0.0081289
569,6947.73,0.40591,0.24399,0.78677,0.91233,0.70176,0.82648,0.70199,0.50112,0.36189,0.84087,0.0081256,0.0081256,0.0081256
570,6959.85,0.41224,0.24887,0.78655,0.90808,0.70604,0.82567,0.70382,0.50231,0.35968,0.84059,0.0081223,0.0081223,0.0081223
571,6971.88,0.40717,0.24658,0.78615,0.8981,0.71317,0.826,0.70328,0.50281,0.35762,0.83972,0.008119,0.008119,0.008119
572,6983.99,0.40554,0.25221,0.78914,0.9078,0.70622,0.82486,0.70216,0.50401,0.35524,0.84046,0.0081157,0.0081157,0.0081157
573,6996.03,0.40591,0.24954,0.7866,0.90065,0.71386,0.82725,0.7033,0.50216,0.35957,0.8419,0.0081124,0.0081124,0.0081124
574,7008.1,0.42297,0.25431,0.78847,0.91616,0.69731,0.82304,0.70276,0.49905,0.36025,0.84009,0.0081091,0.0081091,0.0081091
575,7020.15,0.4107,0.25252,0.78686,0.90845,0.70052,0.82258,0.70213,0.50165,0.36043,0.84098,0.0081058,0.0081058,0.0081058
576,7032.22,0.40836,0.24967,0.78703,0.89355,0.71174,0.82371,0.70198,0.50027,0.35594,0.84058,0.0081025,0.0081025,0.0081025
577,7044.15,0.4016,0.24874,0.78953,0.89545,0.71415,0.82429,0.7012,0.4998,0.3544,0.83942,0.0080992,0.0080992,0.0080992
578,7056.34,0.4215,0.25337,0.78969,0.88842,0.71637,0.82248,0.69882,0.50085,0.35151,0.84024,0.0080959,0.0080959,0.0080959
579,7068.36,0.41936,0.25402,0.78965,0.89384,0.7194,0.82405,0.6998,0.50012,0.3537,0.83919,0.0080926,0.0080926,0.0080926
580,7080.33,0.40662,0.24879,0.78824,0.89357,0.71947,0.82508,0.70192,0.49885,0.35437,0.83923,0.0080893,0.0080893,0.0080893
581,7092.43,0.41293,0.25514,0.78601,0.89428,0.72243,0.82642,0.70118,0.50098,0.34985,0.84008,0.008086,0.008086,0.008086
582,7104.41,0.41432,0.25313,0.78847,0.90907,0.71246,0.82577,0.70074,0.50262,0.34837,0.84083,0.0080827,0.0080827,0.0080827
583,7116.36,0.41237,0.25069,0.78706,0.89855,0.7153,0.82451,0.70031,0.50251,0.35225,0.84048,0.0080794,0.0080794,0.0080794
584,7128.48,0.41655,0.25032,0.78675,0.88373,0.72279,0.82403,0.69963,0.50109,0.35225,0.83956,0.0080761,0.0080761,0.0080761
585,7140.57,0.40475,0.25466,0.78672,0.89199,0.71423,0.82323,0.69993,0.49809,0.35322,0.83961,0.0080728,0.0080728,0.0080728
586,7152.68,0.40774,0.24875,0.78968,0.89818,0.70925,0.82445,0.70137,0.49681,0.35578,0.84051,0.0080695,0.0080695,0.0080695
587,7164.72,0.40439,0.24529,0.78696,0.89592,0.70907,0.82172,0.70079,0.49596,0.35689,0.83964,0.0080662,0.0080662,0.0080662
588,7176.77,0.39874,0.24494,0.78738,0.89695,0.71121,0.82101,0.69977,0.49499,0.35615,0.84044,0.0080629,0.0080629,0.0080629
589,7188.73,0.39524,0.24346,0.78765,0.90375,0.70763,0.82309,0.70145,0.49585,0.35518,0.84252,0.0080596,0.0080596,0.0080596
590,7200.91,0.41379,0.25481,0.78776,0.91448,0.70729,0.82456,0.70291,0.4925,0.35265,0.84094,0.0080563,0.0080563,0.0080563
591,7212.85,0.41002,0.249,0.78883,0.90238,0.71472,0.82518,0.70249,0.49427,0.35024,0.84171,0.008053,0.008053,0.008053
592,7224.96,0.41763,0.25704,0.78998,0.89309,0.71882,0.82569,0.70425,0.49567,0.35252,0.84243,0.0080497,0.0080497,0.0080497
593,7237.18,0.4116,0.25694,0.78953,0.89973,0.71513,0.82658,0.70357,0.49889,0.3523,0.84278,0.0080464,0.0080464,0.0080464
594,7249.23,0.41011,0.25004,0.78927,0.88715,0.71846,0.8233,0.70184,0.50229,0.35215,0.84336,0.0080431,0.0080431,0.0080431
595,7261.24,0.41622,0.2493,0.78957,0.90893,0.70417,0.82195,0.70017,0.50152,0.35377,0.84466,0.0080398,0.0080398,0.0080398
596,7273.24,0.42875,0.25768,0.79082,0.8986,0.70727,0.8197,0.69909,0.50089,0.35721,0.84351,0.0080365,0.0080365,0.0080365
597,7285.26,0.41131,0.25208,0.78642,0.90221,0.70186,0.81989,0.70109,0.49687,0.35354,0.84128,0.0080332,0.0080332,0.0080332
598,7297.46,0.41184,0.24792,0.78949,0.90286,0.70544,0.82118,0.7002,0.49449,0.34924,0.84125,0.0080299,0.0080299,0.0080299
599,7309.56,0.40477,0.2458,0.78566,0.90799,0.70034,0.81893,0.69817,0.49604,0.34719,0.84079,0.0080266,0.0080266,0.0080266
600,7321.59,0.41286,0.25219,0.78648,0.89599,0.70748,0.82007,0.70001,0.49482,0.34419,0.84141,0.0080233,0.0080233,0.0080233
601,7333.63,0.43553,0.25595,0.79134,0.89014,0.71602,0.82209,0.70172,0.49558,0.34382,0.83973,0.00802,0.00802,0.00802
602,7345.82,0.4034,0.24759,0.78808,0.89182,0.71088,0.82067,0.70076,0.49509,0.34687,0.84007,0.0080167,0.0080167,0.0080167
603,7357.93,0.41603,0.25229,0.79074,0.89256,0.71487,0.82386,0.70215,0.4964,0.34694,0.84093,0.0080134,0.0080134,0.0080134
604,7369.95,0.3995,0.24834,0.78672,0.88418,0.7195,0.8244,0.70234,0.49488,0.34944,0.84105,0.0080101,0.0080101,0.0080101
605,7382.09,0.39891,0.24684,0.78657,0.8885,0.71411,0.82251,0.70113,0.4989,0.34941,0.84263,0.0080068,0.0080068,0.0080068
606,7394.04,0.40764,0.2465,0.78744,0.88046,0.7191,0.82225,0.70198,0.49619,0.3507,0.84222,0.0080035,0.0080035,0.0080035
607,7406.1,0.40855,0.24502,0.78665,0.88347,0.72029,0.82412,0.70273,0.49584,0.35018,0.84173,0.0080002,0.0080002,0.0080002
608,7418.13,0.40601,0.24938,0.78814,0.88186,0.72172,0.82387,0.70324,0.49327,0.35178,0.83954,0.0079969,0.0079969,0.0079969
609,7430.07,0.40161,0.25504,0.78765,0.87801,0.72136,0.82522,0.7046,0.49039,0.35416,0.83947,0.0079936,0.0079936,0.0079936
610,7442.13,0.39775,0.24295,0.78837,0.8885,0.71695,0.82602,0.70515,0.48785,0.35802,0.83838,0.0079903,0.0079903,0.0079903
611,7454.36,0.41174,0.2482,0.78872,0.91426,0.69911,0.82478,0.70362,0.48775,0.35623,0.83892,0.007987,0.007987,0.007987
612,7466.29,0.40722,0.24407,0.78738,0.89285,0.70782,0.82385,0.7029,0.49058,0.35261,0.8402,0.0079837,0.0079837,0.0079837
613,7478.31,0.40958,0.25425,0.7862,0.90917,0.70408,0.82511,0.70316,0.49306,0.34877,0.84168,0.0079804,0.0079804,0.0079804
614,7490.25,0.40135,0.24615,0.78721,0.89409,0.71291,0.82583,0.70419,0.493,0.34688,0.84286,0.0079771,0.0079771,0.0079771
615,7502.17,0.40655,0.25036,0.78747,0.8927,0.7219,0.82826,0.70528,0.49292,0.34481,0.84387,0.0079738,0.0079738,0.0079738
616,7514.3,0.40695,0.24828,0.78547,0.90638,0.71709,0.82983,0.70701,0.48796,0.34227,0.84057,0.0079705,0.0079705,0.0079705
617,7526.33,0.39695,0.24318,0.78749,0.89544,0.72016,0.82936,0.70804,0.48755,0.34351,0.83939,0.0079672,0.0079672,0.0079672
618,7538.49,0.39852,0.24242,0.78785,0.89251,0.72192,0.82933,0.70986,0.48597,0.34522,0.84003,0.0079639,0.0079639,0.0079639
619,7550.59,0.40724,0.2449,0.78713,0.89229,0.72168,0.82913,0.70745,0.48735,0.34396,0.83998,0.0079606,0.0079606,0.0079606
620,7562.58,0.39714,0.24212,0.78741,0.89304,0.72172,0.82699,0.70551,0.48729,0.34433,0.83961,0.0079573,0.0079573,0.0079573
621,7574.55,0.39623,0.24135,0.78521,0.88391,0.72439,0.82507,0.705,0.48682,0.34369,0.83996,0.007954,0.007954,0.007954
622,7586.62,0.40484,0.24651,0.78742,0.88912,0.71922,0.82568,0.70534,0.48683,0.34819,0.83976,0.0079507,0.0079507,0.0079507
623,7598.62,0.40492,0.25278,0.78912,0.89352,0.71263,0.82394,0.70446,0.48795,0.34792,0.84231,0.0079474,0.0079474,0.0079474
624,7610.65,0.40594,0.24887,0.78706,0.8933,0.71513,0.82687,0.70611,0.48527,0.34494,0.84244,0.0079441,0.0079441,0.0079441
625,7622.64,0.40325,0.24588,0.78617,0.90124,0.71695,0.82905,0.70717,0.4848,0.34378,0.84123,0.0079408,0.0079408,0.0079408
626,7634.72,0.40436,0.2485,0.78545,0.89763,0.71584,0.8274,0.70695,0.48175,0.34192,0.83911,0.0079375,0.0079375,0.0079375
627,7646.78,0.39802,0.24514,0.7853,0.89802,0.71537,0.82716,0.70765,0.48125,0.34162,0.83938,0.0079342,0.0079342,0.0079342
628,7658.87,0.39613,0.24745,0.78713,0.89591,0.7153,0.82841,0.70979,0.4816,0.34288,0.83959,0.0079309,0.0079309,0.0079309
629,7670.89,0.41055,0.24953,0.78882,0.90055,0.71632,0.83023,0.7105,0.48463,0.34839,0.84038,0.0079276,0.0079276,0.0079276
630,7682.97,0.40216,0.24536,0.78781,0.89863,0.7186,0.83144,0.7099,0.48443,0.35,0.84013,0.0079243,0.0079243,0.0079243
631,7695.13,0.39593,0.24467,0.78722,0.90145,0.71691,0.83176,0.70948,0.48524,0.3485,0.84019,0.007921,0.007921,0.007921
632,7707.19,0.38528,0.2426,0.7869,0.90655,0.71833,0.83174,0.7085,0.48615,0.34728,0.84024,0.0079177,0.0079177,0.0079177
633,7719.18,0.40789,0.24745,0.78978,0.90791,0.72013,0.83137,0.70951,0.48157,0.34601,0.83761,0.0079144,0.0079144,0.0079144
634,7731.16,0.38983,0.24027,0.78639,0.8996,0.72314,0.83041,0.7098,0.47834,0.3436,0.83562,0.0079111,0.0079111,0.0079111
635,7743.21,0.40013,0.24562,0.78798,0.89617,0.72271,0.83056,0.7083,0.4797,0.34619,0.83534,0.0079078,0.0079078,0.0079078
636,7755.37,0.40413,0.25256,0.78862,0.89684,0.72332,0.83004,0.70767,0.48006,0.3479,0.83664,0.0079045,0.0079045,0.0079045
637,7767.38,0.39043,0.24191,0.78556,0.90521,0.71673,0.82777,0.70828,0.47971,0.34687,0.83738,0.0079012,0.0079012,0.0079012
638,7779.47,0.39781,0.24315,0.78604,0.89699,0.72083,0.82627,0.70709,0.48038,0.34712,0.83735,0.0078979,0.0078979,0.0078979
639,7791.55,0.40881,0.24556,0.7874,0.90409,0.72439,0.83002,0.70969,0.47884,0.34599,0.8375,0.0078946,0.0078946,0.0078946
640,7803.64,0.39364,0.23966,0.78543,0.906,0.71726,0.82769,0.70918,0.48075,0.34664,0.83883,0.0078913,0.0078913,0.0078913
641,7815.65,0.40779,0.24425,0.78577,0.89569,0.72514,0.82732,0.70616,0.48242,0.34933,0.83886,0.007888,0.007888,0.007888
642,7827.67,0.39332,0.24294,0.78454,0.90569,0.71299,0.82442,0.70534,0.48274,0.34718,0.83821,0.0078847,0.0078847,0.0078847
643,7839.66,0.38363,0.23784,0.78492,0.91772,0.70942,0.82707,0.70757,0.48101,0.34094,0.83805,0.0078814,0.0078814,0.0078814
644,7851.79,0.39081,0.24037,0.78616,0.91543,0.70871,0.82488,0.70641,0.47855,0.33909,0.83808,0.0078781,0.0078781,0.0078781
645,7863.81,0.3924,0.24392,0.78455,0.91239,0.70876,0.82366,0.70568,0.47647,0.33986,0.83825,0.0078748,0.0078748,0.0078748
646,7875.87,0.39837,0.24454,0.78771,0.89661,0.71845,0.82379,0.70538,0.4754,0.33849,0.83734,0.0078715,0.0078715,0.0078715
647,7887.9,0.40625,0.24488,0.78651,0.89874,0.71833,0.82552,0.70604,0.47693,0.33944,0.83702,0.0078682,0.0078682,0.0078682
648,7899.95,0.39769,0.24314,0.78677,0.90303,0.71851,0.82695,0.70837,0.47662,0.34035,0.83713,0.0078649,0.0078649,0.0078649
649,7911.88,0.39045,0.23823,0.78525,0.90093,0.72261,0.82592,0.70945,0.47643,0.34025,0.8375,0.0078616,0.0078616,0.0078616
650,7923.86,0.395,0.24078,0.7872,0.89927,0.72209,0.82714,0.71136,0.47465,0.34033,0.83718,0.0078583,0.0078583,0.0078583
651,7936.02,0.39484,0.24171,0.78408,0.89623,0.72012,0.82859,0.71157,0.47548,0.34144,0.83694,0.007855,0.007855,0.007855
652,7948.18,0.39744,0.24299,0.78543,0.89611,0.72047,0.82553,0.71022,0.4752,0.33869,0.83757,0.0078517,0.0078517,0.0078517
653,7960.26,0.40309,0.24381,0.78603,0.90587,0.708,0.82385,0.70957,0.47298,0.34028,0.83755,0.0078484,0.0078484,0.0078484
654,7972.41,0.39727,0.24128,0.7865,0.90252,0.71245,0.82488,0.70826,0.47588,0.33928,0.83869,0.0078451,0.0078451,0.0078451
655,7984.51,0.40841,0.24689,0.78669,0.8991,0.71594,0.82443,0.70806,0.47897,0.34056,0.83954,0.0078418,0.0078418,0.0078418
656,7996.69,0.3958,0.2425,0.78622,0.89601,0.72296,0.82712,0.71122,0.47781,0.33793,0.83971,0.0078385,0.0078385,0.0078385
657,8008.74,0.40633,0.24774,0.78837,0.89489,0.72052,0.82621,0.71194,0.4761,0.33744,0.83912,0.0078352,0.0078352,0.0078352
658,8020.83,0.40336,0.2453,0.78727,0.89674,0.7241,0.82786,0.712,0.47678,0.33865,0.8386,0.0078319,0.0078319,0.0078319
659,8032.88,0.3925,0.24397,0.78579,0.8987,0.72065,0.82725,0.71035,0.47806,0.3371,0.83867,0.0078286,0.0078286,0.0078286
660,8044.87,0.39369,0.24688,0.78662,0.89874,0.72029,0.82723,0.70889,0.47844,0.33662,0.83793,0.0078253,0.0078253,0.0078253
661,8056.92,0.39301,0.24221,0.78632,0.90277,0.72047,0.82963,0.71039,0.47773,0.33771,0.83878,0.007822,0.007822,0.007822
662,8068.96,0.40384,0.24498,0.78607,0.90994,0.71458,0.82748,0.71098,0.47728,0.33832,0.83905,0.0078187,0.0078187,0.0078187
663,8080.96,0.38757,0.23774,0.78759,0.88879,0.72758,0.82759,0.71125,0.47949,0.33819,0.84,0.0078154,0.0078154,0.0078154
664,8093.01,0.38168,0.23571,0.78621,0.89654,0.72405,0.8288,0.71191,0.47768,0.33689,0.83899,0.0078121,0.0078121,0.0078121
665,8105.19,0.40792,0.24707,0.78685,0.8988,0.72029,0.8261,0.71155,0.47721,0.33594,0.83984,0.0078088,0.0078088,0.0078088
666,8117.28,0.40169,0.2468,0.78754,0.90658,0.72094,0.82829,0.71166,0.47633,0.33756,0.83839,0.0078055,0.0078055,0.0078055
667,8129.36,0.40191,0.24409,0.78623,0.9056,0.72207,0.83045,0.71223,0.47395,0.33835,0.83758,0.0078022,0.0078022,0.0078022
668,8141.43,0.3903,0.23698,0.78556,0.901,0.71987,0.82845,0.71224,0.47305,0.3405,0.83743,0.0077989,0.0077989,0.0077989
669,8153.45,0.38543,0.23797,0.78419,0.90833,0.71459,0.82712,0.71234,0.47099,0.34293,0.83738,0.0077956,0.0077956,0.0077956
670,8165.51,0.39232,0.23956,0.78644,0.91028,0.71709,0.82952,0.71388,0.46927,0.34408,0.83707,0.0077923,0.0077923,0.0077923
671,8177.66,0.39258,0.2411,0.78681,0.90263,0.71798,0.82616,0.71237,0.47091,0.34187,0.83847,0.007789,0.007789,0.007789
672,8189.65,0.40394,0.24292,0.78552,0.89904,0.72347,0.82749,0.71248,0.47154,0.34101,0.83844,0.0077857,0.0077857,0.0077857
673,8201.66,0.38075,0.23449,0.78374,0.90061,0.721,0.82785,0.71305,0.47018,0.34223,0.83865,0.0077824,0.0077824,0.0077824
674,8213.75,0.39235,0.23856,0.78772,0.90451,0.71513,0.82787,0.71165,0.47236,0.34238,0.83893,0.0077791,0.0077791,0.0077791
675,8225.77,0.38935,0.23797,0.78469,0.90306,0.71584,0.82773,0.71178,0.47043,0.34227,0.83742,0.0077758,0.0077758,0.0077758
676,8237.78,0.39062,0.24003,0.78675,0.89974,0.71789,0.82816,0.71163,0.47046,0.34127,0.83584,0.0077725,0.0077725,0.0077725
677,8249.89,0.40116,0.24364,0.78581,0.89485,0.72321,0.828,0.71179,0.47286,0.34134,0.8375,0.0077692,0.0077692,0.0077692
678,8261.87,0.39121,0.24218,0.78528,0.88544,0.72296,0.82623,0.71014,0.47497,0.34214,0.83865,0.0077659,0.0077659,0.0077659
679,8273.87,0.39442,0.24244,0.78612,0.89053,0.7203,0.82587,0.7119,0.47362,0.34379,0.83901,0.0077626,0.0077626,0.0077626
680,8285.95,0.38542,0.24179,0.78477,0.89487,0.71958,0.82653,0.71215,0.47147,0.34469,0.83751,0.0077593,0.0077593,0.0077593
681,8298.02,0.39541,0.24185,0.78547,0.89563,0.71701,0.82764,0.71287,0.47207,0.34488,0.83901,0.007756,0.007756,0.007756
682,8310.18,0.38872,0.23725,0.78207,0.89095,0.72154,0.82921,0.71201,0.47133,0.34144,0.8375,0.0077527,0.0077527,0.0077527
683,8322.3,0.38662,0.2377,0.78449,0.89145,0.71655,0.82519,0.71086,0.47227,0.34266,0.83719,0.0077494,0.0077494,0.0077494
684,8334.39,0.39561,0.24458,0.7862,0.89836,0.71648,0.82705,0.71174,0.47256,0.34118,0.83789,0.0077461,0.0077461,0.0077461
685,8346.43,0.38893,0.2421,0.78622,0.89491,0.71911,0.82737,0.71296,0.47,0.33883,0.83737,0.0077428,0.0077428,0.0077428
686,8358.41,0.38935,0.23698,0.78534,0.89738,0.71655,0.82839,0.7155,0.47055,0.33864,0.83848,0.0077395,0.0077395,0.0077395
687,8370.66,0.40192,0.24609,0.78642,0.90723,0.7137,0.82834,0.7141,0.46994,0.33877,0.83822,0.0077362,0.0077362,0.0077362
688,8382.71,0.40022,0.24187,0.78605,0.9039,0.7096,0.82558,0.71113,0.47177,0.34034,0.83866,0.0077329,0.0077329,0.0077329
689,8394.78,0.39579,0.2397,0.78557,0.90506,0.70992,0.82718,0.71111,0.47239,0.34084,0.84011,0.0077296,0.0077296,0.0077296
690,8406.78,0.39768,0.24124,0.78568,0.89278,0.718,0.82666,0.71034,0.47318,0.33979,0.83965,0.0077263,0.0077263,0.0077263
691,8418.93,0.3895,0.23978,0.78488,0.89533,0.71322,0.82335,0.70938,0.47446,0.33732,0.84031,0.007723,0.007723,0.007723
692,8431.07,0.38623,0.24077,0.78373,0.89267,0.71905,0.8251,0.7087,0.47737,0.33824,0.83966,0.0077197,0.0077197,0.0077197
693,8443.42,0.38081,0.23692,0.78528,0.88738,0.71673,0.82407,0.71059,0.47487,0.33961,0.83937,0.0077164,0.0077164,0.0077164
694,8455.44,0.38397,0.23438,0.78396,0.90807,0.70586,0.82596,0.71182,0.4704,0.34048,0.83751,0.0077131,0.0077131,0.0077131
695,8467.4,0.39845,0.23886,0.78501,0.89591,0.71609,0.82698,0.71215,0.47423,0.343,0.83864,0.0077098,0.0077098,0.0077098
696,8479.33,0.39172,0.23787,0.78575,0.89449,0.71593,0.82688,0.71075,0.47353,0.34193,0.83807,0.0077065,0.0077065,0.0077065
697,8491.42,0.37611,0.2333,0.78336,0.91173,0.70476,0.82674,0.71125,0.47066,0.34087,0.83703,0.0077032,0.0077032,0.0077032
698,8503.67,0.38257,0.23419,0.78585,0.89574,0.71833,0.82725,0.71254,0.46898,0.33889,0.83656,0.0076999,0.0076999,0.0076999
699,8515.78,0.37967,0.23508,0.78366,0.89563,0.72005,0.82881,0.71407,0.46721,0.33877,0.83672,0.0076966,0.0076966,0.0076966
700,8527.86,0.39649,0.24736,0.78664,0.8928,0.71817,0.82776,0.71328,0.46858,0.34041,0.837,0.0076933,0.0076933,0.0076933
701,8539.96,0.37967,0.23973,0.78555,0.89015,0.72083,0.82785,0.71352,0.46731,0.33948,0.83648,0.00769,0.00769,0.00769
702,8551.97,0.3902,0.23806,0.78759,0.90499,0.71192,0.82694,0.71393,0.4668,0.33886,0.83591,0.0076867,0.0076867,0.0076867
703,8564.16,0.39516,0.23755,0.78524,0.8938,0.71975,0.82783,0.71361,0.46868,0.33856,0.83632,0.0076834,0.0076834,0.0076834
704,8576.33,0.3922,0.23778,0.78565,0.89669,0.71906,0.82796,0.71435,0.4659,0.33815,0.83596,0.0076801,0.0076801,0.0076801
705,8588.41,0.39104,0.23982,0.78657,0.89928,0.7153,0.82712,0.71376,0.4653,0.34014,0.83622,0.0076768,0.0076768,0.0076768
706,8600.4,0.38809,0.23939,0.78416,0.89782,0.71699,0.82679,0.71413,0.46491,0.34327,0.83636,0.0076735,0.0076735,0.0076735
707,8612.46,0.38467,0.23941,0.78661,0.89768,0.71745,0.82655,0.71272,0.46531,0.3461,0.8368,0.0076702,0.0076702,0.0076702
708,8624.4,0.37417,0.23644,0.78478,0.88598,0.71798,0.82466,0.71195,0.46612,0.35109,0.83607,0.0076669,0.0076669,0.0076669
709,8636.51,0.3921,0.24392,0.78589,0.88441,0.71975,0.82479,0.71166,0.4692,0.3518,0.83669,0.0076636,0.0076636,0.0076636
710,8648.6,0.39135,0.24186,0.78508,0.8869,0.7167,0.824,0.71229,0.46872,0.35007,0.83625,0.0076603,0.0076603,0.0076603
711,8660.64,0.39574,0.24179,0.78383,0.88905,0.71388,0.82507,0.71361,0.46536,0.34662,0.8353,0.007657,0.007657,0.007657
712,8672.8,0.39474,0.23935,0.78451,0.89074,0.71406,0.82409,0.71317,0.46499,0.34515,0.83622,0.0076537,0.0076537,0.0076537
713,8684.83,0.38301,0.23782,0.78474,0.88132,0.71976,0.82429,0.71261,0.46606,0.34573,0.83615,0.0076504,0.0076504,0.0076504
714,8696.89,0.38191,0.23419,0.78533,0.89049,0.71744,0.82617,0.71302,0.46464,0.3457,0.83547,0.0076471,0.0076471,0.0076471
715,8708.98,0.38348,0.23614,0.78558,0.88709,0.71948,0.82611,0.71315,0.46582,0.34647,0.83638,0.0076438,0.0076438,0.0076438
716,8721.09,0.37855,0.23724,0.78421,0.89839,0.71198,0.82652,0.71374,0.46846,0.34695,0.83783,0.0076405,0.0076405,0.0076405
717,8733.15,0.37895,0.23049,0.78388,0.89895,0.71166,0.82662,0.71263,0.4698,0.34472,0.8383,0.0076372,0.0076372,0.0076372
718,8745.22,0.37,0.23295,0.78359,0.88734,0.71987,0.82914,0.71329,0.46866,0.34406,0.83755,0.0076339,0.0076339,0.0076339
719,8757.22,0.37744,0.2336,0.78443,0.88173,0.71869,0.82711,0.71438,0.46709,0.34369,0.83763,0.0076306,0.0076306,0.0076306
720,8769.32,0.37994,0.23234,0.78529,0.88338,0.71931,0.82625,0.71383,0.46745,0.34373,0.83818,0.0076273,0.0076273,0.0076273
721,8781.3,0.37264,0.22866,0.78416,0.89409,0.71691,0.8269,0.71438,0.46442,0.34722,0.83573,0.007624,0.007624,0.007624
722,8793.4,0.40159,0.24184,0.78519,0.89746,0.72154,0.82889,0.71529,0.46302,0.34801,0.83465,0.0076207,0.0076207,0.0076207
723,8805.43,0.38783,0.23739,0.78533,0.90181,0.7153,0.82925,0.71644,0.46134,0.34552,0.83449,0.0076174,0.0076174,0.0076174
724,8817.56,0.39211,0.23987,0.78645,0.8973,0.71441,0.82807,0.71564,0.46089,0.34415,0.83438,0.0076141,0.0076141,0.0076141
725,8829.67,0.37879,0.23459,0.7843,0.89508,0.71744,0.82908,0.71806,0.45913,0.34523,0.83446,0.0076108,0.0076108,0.0076108
726,8841.74,0.37469,0.2317,0.78403,0.90533,0.7137,0.82965,0.71727,0.45859,0.34365,0.83386,0.0076075,0.0076075,0.0076075
727,8853.74,0.37796,0.23377,0.78311,0.90673,0.70764,0.82784,0.71599,0.45951,0.34273,0.83353,0.0076042,0.0076042,0.0076042
728,8865.79,0.38326,0.23828,0.784,0.8964,0.71529,0.82921,0.71537,0.46207,0.34353,0.83445,0.0076009,0.0076009,0.0076009
729,8877.9,0.38058,0.23438,0.78509,0.88947,0.72118,0.82998,0.71489,0.4607,0.34411,0.833,0.0075976,0.0075976,0.0075976
730,8889.97,0.37248,0.23809,0.78398,0.88922,0.7194,0.82813,0.71516,0.45897,0.34124,0.83223,0.0075943,0.0075943,0.0075943
731,8902.08,0.37859,0.23366,0.78579,0.88654,0.72389,0.82913,0.71585,0.46242,0.34221,0.83461,0.007591,0.007591,0.007591
732,8914.13,0.3748,0.22991,0.78615,0.89019,0.71926,0.82789,0.71536,0.46296,0.34275,0.83574,0.0075877,0.0075877,0.0075877
733,8926.18,0.37736,0.23314,0.78512,0.8898,0.71925,0.82602,0.71378,0.46356,0.34098,0.83663,0.0075844,0.0075844,0.0075844
734,8938.21,0.38158,0.23684,0.78586,0.88633,0.71957,0.825,0.7137,0.46419,0.34108,0.83709,0.0075811,0.0075811,0.0075811
735,8950.2,0.38063,0.2371,0.78545,0.88706,0.71786,0.82564,0.71457,0.46182,0.34072,0.83619,0.0075778,0.0075778,0.0075778
736,8962.22,0.37651,0.23463,0.78537,0.88885,0.71833,0.82702,0.71613,0.46114,0.33781,0.83632,0.0075745,0.0075745,0.0075745
737,8974.28,0.38025,0.23361,0.78444,0.89972,0.71451,0.82617,0.71496,0.46391,0.33949,0.83839,0.0075712,0.0075712,0.0075712
738,8986.43,0.3851,0.23582,0.78444,0.8995,0.71513,0.82662,0.71539,0.46429,0.34052,0.8374,0.0075679,0.0075679,0.0075679
739,8998.55,0.37536,0.2348,0.78468,0.898,0.7153,0.8275,0.71562,0.46389,0.33922,0.83748,0.0075646,0.0075646,0.0075646
740,9010.62,0.39924,0.24264,0.78647,0.8907,0.7201,0.82872,0.71619,0.46162,0.33809,0.83654,0.0075613,0.0075613,0.0075613
741,9022.63,0.38137,0.2359,0.78487,0.89364,0.72296,0.83127,0.71695,0.45983,0.33874,0.83567,0.007558,0.007558,0.007558
742,9034.64,0.37357,0.23283,0.78569,0.89818,0.72083,0.83217,0.718,0.45941,0.33884,0.83477,0.0075547,0.0075547,0.0075547
743,9046.63,0.38741,0.23831,0.78313,0.8997,0.72154,0.83216,0.71726,0.46029,0.33464,0.83527,0.0075514,0.0075514,0.0075514
744,9058.88,0.37976,0.23485,0.78562,0.89268,0.72314,0.82996,0.71462,0.46229,0.33723,0.83589,0.0075481,0.0075481,0.0075481
745,9070.94,0.38521,0.24266,0.78318,0.89021,0.72368,0.83115,0.71636,0.46175,0.33764,0.83605,0.0075448,0.0075448,0.0075448
746,9083.07,0.37696,0.23203,0.78356,0.89994,0.71976,0.83214,0.71715,0.46312,0.33672,0.83628,0.0075415,0.0075415,0.0075415
747,9095.11,0.38114,0.23285,0.78442,0.89609,0.72213,0.83066,0.71706,0.46563,0.33483,0.83687,0.0075382,0.0075382,0.0075382
748,9107.33,0.38116,0.23525,0.78346,0.90806,0.7153,0.83127,0.71662,0.46493,0.33713,0.83682,0.0075349,0.0075349,0.0075349
749,9119.36,0.38025,0.23299,0.78292,0.89874,0.72103,0.83055,0.71573,0.46545,0.33867,0.83683,0.0075316,0.0075316,0.0075316
750,9131.5,0.40358,0.24486,0.78695,0.90062,0.7219,0.83084,0.71651,0.46225,0.33656,0.83574,0.0075283,0.0075283,0.0075283
751,9143.59,0.38591,0.23623,0.78532,0.89825,0.72564,0.83273,0.71676,0.46193,0.33931,0.83553,0.007525,0.007525,0.007525
752,9155.68,0.37952,0.23234,0.78431,0.90865,0.71951,0.83369,0.71766,0.45833,0.33809,0.8338,0.0075217,0.0075217,0.0075217
753,9167.71,0.37616,0.23275,0.7833,0.90145,0.72475,0.83335,0.71891,0.4549,0.33813,0.83231,0.0075184,0.0075184,0.0075184
754,9179.87,0.38675,0.23646,0.78416,0.8982,0.72469,0.83322,0.71879,0.45447,0.33788,0.83158,0.0075151,0.0075151,0.0075151
755,9191.9,0.37442,0.23539,0.78276,0.89645,0.72475,0.8323,0.71748,0.45506,0.33852,0.83086,0.0075118,0.0075118,0.0075118
756,9203.76,0.37827,0.23309,0.78502,0.90949,0.71869,0.83318,0.71903,0.45424,0.33591,0.83178,0.0075085,0.0075085,0.0075085
757,9215.96,0.38186,0.23319,0.78334,0.89562,0.72914,0.83363,0.7193,0.45556,0.33663,0.83244,0.0075052,0.0075052,0.0075052
758,9228.08,0.37869,0.23402,0.78331,0.89699,0.72688,0.83267,0.7181,0.45701,0.33631,0.83235,0.0075019,0.0075019,0.0075019
759,9240.18,0.38161,0.23607,0.78346,0.89446,0.72688,0.8328,0.71769,0.45811,0.33507,0.8324,0.0074986,0.0074986,0.0074986
760,9252.24,0.38545,0.24358,0.7846,0.89616,0.72415,0.83145,0.71657,0.45735,0.33375,0.83232,0.0074953,0.0074953,0.0074953
761,9264.25,0.38656,0.23442,0.78454,0.89419,0.72564,0.83183,0.7161,0.45683,0.33523,0.83237,0.007492,0.007492,0.007492
762,9276.43,0.3958,0.23729,0.78507,0.89438,0.72869,0.83255,0.71658,0.45906,0.33761,0.83348,0.0074887,0.0074887,0.0074887
763,9288.43,0.38114,0.23167,0.78675,0.88962,0.72653,0.83068,0.71706,0.45838,0.3377,0.83295,0.0074854,0.0074854,0.0074854
764,9300.52,0.37917,0.23243,0.78506,0.90498,0.71608,0.83117,0.71889,0.45505,0.33798,0.83283,0.0074821,0.0074821,0.0074821
765,9312.75,0.38682,0.2385,0.78521,0.91072,0.71174,0.83019,0.71823,0.45815,0.33987,0.83412,0.0074788,0.0074788,0.0074788
766,9324.84,0.37838,0.23852,0.78306,0.90333,0.71921,0.83076,0.71837,0.45637,0.33889,0.83398,0.0074755,0.0074755,0.0074755
767,9336.96,0.38311,0.24008,0.78545,0.90107,0.7194,0.8296,0.71736,0.45451,0.33925,0.83335,0.0074722,0.0074722,0.0074722
768,9349.14,0.38557,0.23704,0.78442,0.89916,0.7194,0.82977,0.71788,0.4563,0.33862,0.83405,0.0074689,0.0074689,0.0074689
769,9361.24,0.38791,0.23683,0.78499,0.89905,0.72029,0.83134,0.7192,0.45609,0.33621,0.83372,0.0074656,0.0074656,0.0074656
770,9373.3,0.38653,0.23817,0.78276,0.9008,0.71827,0.83048,0.71852,0.45597,0.33542,0.833,0.0074623,0.0074623,0.0074623
771,9385.24,0.37282,0.22886,0.78313,0.91047,0.71388,0.83141,0.71884,0.45537,0.33545,0.83224,0.007459,0.007459,0.007459
772,9397.24,0.38077,0.2355,0.78611,0.90663,0.71673,0.83257,0.71984,0.4553,0.33487,0.8322,0.0074557,0.0074557,0.0074557
773,9409.51,0.38479,0.2376,0.78466,0.92202,0.70993,0.83209,0.71935,0.45483,0.33451,0.83207,0.0074524,0.0074524,0.0074524
774,9421.59,0.37703,0.23447,0.7839,0.90979,0.71514,0.83216,0.71854,0.4555,0.33501,0.83193,0.0074491,0.0074491,0.0074491
775,9433.61,0.37196,0.22822,0.78292,0.91058,0.7178,0.83142,0.7178,0.45485,0.33585,0.83174,0.0074458,0.0074458,0.0074458
776,9445.62,0.37834,0.23244,0.78412,0.90716,0.71894,0.83193,0.71809,0.4563,0.33491,0.83315,0.0074425,0.0074425,0.0074425
777,9457.67,0.38509,0.23358,0.78355,0.90576,0.71887,0.83156,0.7177,0.45599,0.33726,0.83275,0.0074392,0.0074392,0.0074392
778,9469.67,0.38252,0.23337,0.78508,0.91316,0.71406,0.83184,0.71743,0.45636,0.33901,0.83249,0.0074359,0.0074359,0.0074359
779,9481.77,0.36947,0.22495,0.78128,0.91326,0.71032,0.83167,0.71831,0.45594,0.34432,0.83267,0.0074326,0.0074326,0.0074326
780,9493.9,0.38088,0.23081,0.78253,0.89317,0.72388,0.83324,0.72001,0.45615,0.34627,0.83263,0.0074293,0.0074293,0.0074293
781,9506.13,0.37864,0.22941,0.78211,0.90053,0.72098,0.8319,0.71858,0.45332,0.3432,0.83156,0.007426,0.007426,0.007426
782,9518.19,0.37298,0.2315,0.78448,0.88944,0.72279,0.83066,0.71762,0.45376,0.34053,0.83077,0.0074227,0.0074227,0.0074227
783,9530.19,0.37656,0.23239,0.78333,0.91199,0.71067,0.83099,0.71823,0.45387,0.33911,0.83069,0.0074194,0.0074194,0.0074194
784,9542.32,0.37565,0.22779,0.78238,0.91442,0.70996,0.83041,0.71826,0.45379,0.33791,0.83098,0.0074161,0.0074161,0.0074161
785,9554.41,0.37383,0.2314,0.78359,0.89415,0.72243,0.83056,0.71704,0.45477,0.33846,0.83165,0.0074128,0.0074128,0.0074128
786,9566.43,0.37065,0.23089,0.78316,0.89438,0.71958,0.82991,0.71735,0.45339,0.34071,0.83146,0.0074095,0.0074095,0.0074095
787,9578.47,0.37376,0.23292,0.7828,0.89584,0.71726,0.83112,0.71828,0.45408,0.34235,0.83126,0.0074062,0.0074062,0.0074062
788,9590.63,0.37673,0.23091,0.78458,0.89031,0.7187,0.83011,0.71771,0.45709,0.34215,0.83229,0.0074029,0.0074029,0.0074029
789,9602.65,0.38976,0.23946,0.78927,0.90063,0.71367,0.83111,0.7191,0.45683,0.34141,0.83325,0.0073996,0.0073996,0.0073996
790,9614.85,0.38011,0.23367,0.785,0.91329,0.70622,0.83053,0.71893,0.45777,0.34386,0.8343,0.0073963,0.0073963,0.0073963
791,9626.93,0.37696,0.23578,0.78442,0.89197,0.71976,0.83209,0.71866,0.45611,0.34319,0.8335,0.007393,0.007393,0.007393
792,9639,0.3845,0.23418,0.78487,0.89044,0.72396,0.83302,0.7191,0.45501,0.34259,0.8335,0.0073897,0.0073897,0.0073897
793,9651.03,0.38315,0.23237,0.78502,0.89253,0.7235,0.83253,0.71884,0.45603,0.34243,0.83437,0.0073864,0.0073864,0.0073864
794,9663.23,0.37978,0.23853,0.78399,0.89454,0.72235,0.83165,0.71749,0.45626,0.34266,0.83427,0.0073831,0.0073831,0.0073831
795,9675.27,0.38049,0.23196,0.78417,0.88983,0.71946,0.83025,0.71815,0.45537,0.34408,0.83385,0.0073798,0.0073798,0.0073798
796,9687.31,0.38179,0.23045,0.78456,0.89253,0.72029,0.83036,0.71753,0.45537,0.34437,0.83415,0.0073765,0.0073765,0.0073765
797,9699.44,0.37591,0.2321,0.78657,0.89487,0.71976,0.83104,0.71865,0.4556,0.34492,0.83541,0.0073732,0.0073732,0.0073732
798,9711.52,0.37238,0.22903,0.78246,0.89362,0.72134,0.83087,0.71948,0.45392,0.34408,0.83509,0.0073699,0.0073699,0.0073699
799,9723.49,0.37393,0.23094,0.78153,0.8945,0.72528,0.8333,0.72049,0.45332,0.34348,0.83465,0.0073666,0.0073666,0.0073666
800,9735.66,0.37531,0.22852,0.78185,0.90184,0.72019,0.83255,0.72042,0.45382,0.34332,0.83477,0.0073633,0.0073633,0.0073633
801,9747.66,0.37348,0.22903,0.78434,0.90294,0.71763,0.83226,0.7198,0.45418,0.34367,0.83462,0.00736,0.00736,0.00736
802,9759.66,0.37292,0.22941,0.78341,0.89984,0.72345,0.83382,0.72082,0.45352,0.34317,0.83462,0.0073567,0.0073567,0.0073567
803,9771.84,0.37219,0.23253,0.78456,0.89947,0.72475,0.83456,0.72061,0.4546,0.34426,0.83524,0.0073534,0.0073534,0.0073534
804,9783.94,0.37465,0.22891,0.78235,0.90006,0.72475,0.83509,0.7216,0.45402,0.34384,0.83553,0.0073501,0.0073501,0.0073501
805,9796.03,0.36714,0.22677,0.78391,0.89686,0.72528,0.83457,0.72174,0.45225,0.34251,0.83453,0.0073468,0.0073468,0.0073468
806,9808.13,0.37399,0.22867,0.78358,0.89696,0.7276,0.83615,0.72243,0.44986,0.3391,0.83372,0.0073435,0.0073435,0.0073435
807,9820.32,0.38596,0.23415,0.78402,0.90503,0.71976,0.83406,0.72245,0.44881,0.33672,0.83361,0.0073402,0.0073402,0.0073402
808,9832.36,0.37734,0.23019,0.78498,0.89748,0.72679,0.83469,0.72226,0.44716,0.33496,0.83216,0.0073369,0.0073369,0.0073369
809,9844.48,0.37046,0.22931,0.78488,0.89981,0.72801,0.83476,0.72172,0.44701,0.33124,0.83214,0.0073336,0.0073336,0.0073336
810,9856.5,0.36187,0.22467,0.7815,0.89596,0.72879,0.83467,0.72161,0.44715,0.32977,0.83197,0.0073303,0.0073303,0.0073303
811,9868.58,0.36418,0.22535,0.78342,0.89699,0.72884,0.83442,0.72188,0.44765,0.32984,0.83225,0.007327,0.007327,0.007327
812,9880.64,0.38232,0.23385,0.78314,0.90394,0.72439,0.83507,0.72343,0.44664,0.32857,0.83231,0.0073237,0.0073237,0.0073237
813,9892.9,0.38103,0.23482,0.78413,0.90675,0.72416,0.83351,0.72271,0.4473,0.32898,0.83266,0.0073204,0.0073204,0.0073204
814,9905,0.37452,0.23243,0.78325,0.90286,0.72692,0.83413,0.72287,0.44713,0.32899,0.83363,0.0073171,0.0073171,0.0073171
815,9917.09,0.37602,0.22985,0.78274,0.90154,0.72915,0.8346,0.72309,0.44909,0.32923,0.83535,0.0073138,0.0073138,0.0073138
816,9929.16,0.37087,0.23199,0.78483,0.89775,0.73383,0.83423,0.72165,0.44947,0.32975,0.83492,0.0073105,0.0073105,0.0073105
817,9941.23,0.37787,0.23351,0.78582,0.89744,0.73401,0.83533,0.722,0.45063,0.33134,0.83536,0.0073072,0.0073072,0.0073072
818,9953.22,0.37148,0.2297,0.78332,0.8975,0.73166,0.83483,0.72294,0.45108,0.33069,0.83647,0.0073039,0.0073039,0.0073039
819,9965.39,0.36527,0.22391,0.78455,0.89585,0.72947,0.83443,0.72288,0.45075,0.32946,0.83642,0.0073006,0.0073006,0.0073006
820,9977.81,0.38128,0.23193,0.78273,0.89598,0.72831,0.83322,0.72193,0.45035,0.32855,0.83564,0.0072973,0.0072973,0.0072973
821,9989.92,0.36286,0.22799,0.7839,0.89243,0.72582,0.83168,0.72107,0.44932,0.32872,0.83419,0.007294,0.007294,0.007294
822,10002.1,0.37095,0.23096,0.78344,0.90469,0.71874,0.83245,0.72152,0.45095,0.33015,0.83436,0.0072907,0.0072907,0.0072907
823,10014.1,0.3907,0.23748,0.78428,0.90452,0.71734,0.83208,0.72134,0.45269,0.33288,0.83475,0.0072874,0.0072874,0.0072874
824,10026.2,0.37508,0.23197,0.78422,0.88498,0.73205,0.83257,0.72145,0.45041,0.33255,0.83344,0.0072841,0.0072841,0.0072841
825,10038.3,0.37042,0.22865,0.78418,0.90731,0.71637,0.83228,0.72204,0.4491,0.33123,0.832,0.0072808,0.0072808,0.0072808
826,10050.3,0.37635,0.23126,0.78288,0.90155,0.71815,0.83224,0.72164,0.44747,0.33175,0.83053,0.0072775,0.0072775,0.0072775
827,10062.4,0.37781,0.23291,0.7843,0.89698,0.72129,0.83171,0.72218,0.44724,0.3323,0.83112,0.0072742,0.0072742,0.0072742
828,10074.5,0.3739,0.22976,0.78187,0.8884,0.72756,0.83105,0.72195,0.44724,0.33252,0.83174,0.0072709,0.0072709,0.0072709
829,10086.7,0.38896,0.23539,0.78361,0.89025,0.72256,0.83082,0.7215,0.44738,0.33284,0.83315,0.0072676,0.0072676,0.0072676
830,10098.7,0.3669,0.2268,0.7824,0.89391,0.72058,0.83188,0.72267,0.4471,0.33309,0.83323,0.0072643,0.0072643,0.0072643
831,10110.8,0.37321,0.2332,0.78303,0.90484,0.71869,0.8336,0.7226,0.4472,0.33573,0.83251,0.007261,0.007261,0.007261
832,10122.9,0.36716,0.2301,0.7815,0.90545,0.71976,0.83344,0.72246,0.4466,0.33746,0.83205,0.0072577,0.0072577,0.0072577
833,10135,0.36916,0.22703,0.78449,0.90333,0.71755,0.83295,0.72318,0.44767,0.33752,0.83293,0.0072544,0.0072544,0.0072544
834,10147,0.37334,0.2282,0.78277,0.90178,0.71263,0.82951,0.72269,0.44915,0.34007,0.83375,0.0072511,0.0072511,0.0072511
835,10159.1,0.36687,0.22725,0.78226,0.90254,0.71105,0.82902,0.72213,0.44883,0.34036,0.83329,0.0072478,0.0072478,0.0072478
836,10171.2,0.36591,0.22586,0.78269,0.89014,0.71922,0.83041,0.72153,0.44842,0.34003,0.83318,0.0072445,0.0072445,0.0072445
837,10183.2,0.36885,0.22747,0.78428,0.89004,0.71762,0.82985,0.72121,0.44933,0.34007,0.8347,0.0072412,0.0072412,0.0072412
838,10195.2,0.37112,0.22768,0.78556,0.89006,0.71685,0.8291,0.72068,0.44951,0.33946,0.83444,0.0072379,0.0072379,0.0072379
839,10207.3,0.37271,0.22638,0.78233,0.88264,0.72243,0.82854,0.72043,0.45119,0.34022,0.83547,0.0072346,0.0072346,0.0072346
840,10219.4,0.36691,0.22447,0.78131,0.88607,0.72052,0.82936,0.72074,0.44954,0.33927,0.83484,0.0072313,0.0072313,0.0072313
841,10231.4,0.37646,0.23177,0.78341,0.89226,0.71852,0.82824,0.71983,0.4496,0.33941,0.83527,0.007228,0.007228,0.007228
842,10243.6,0.36828,0.22806,0.782,0.89264,0.71619,0.82811,0.72092,0.45012,0.33693,0.8355,0.0072247,0.0072247,0.0072247
843,10255.6,0.3651,0.23139,0.78416,0.88504,0.721,0.82885,0.72143,0.44939,0.33721,0.83498,0.0072214,0.0072214,0.0072214
844,10267.7,0.35935,0.22395,0.78199,0.8946,0.71523,0.82924,0.72162,0.44695,0.33772,0.83345,0.0072181,0.0072181,0.0072181
845,10279.7,0.37709,0.23112,0.78402,0.89012,0.71726,0.82873,0.72165,0.44697,0.33613,0.83308,0.0072148,0.0072148,0.0072148
846,10291.9,0.36398,0.22167,0.78321,0.88587,0.71887,0.82839,0.72181,0.44649,0.33532,0.83264,0.0072115,0.0072115,0.0072115
847,10303.9,0.36098,0.22272,0.78518,0.90023,0.70925,0.82789,0.72119,0.44512,0.33259,0.83211,0.0072082,0.0072082,0.0072082
848,10316,0.36509,0.22878,0.78176,0.88379,0.71905,0.82795,0.72161,0.44453,0.33264,0.8325,0.0072049,0.0072049,0.0072049
849,10328.1,0.37687,0.23359,0.78335,0.89005,0.71637,0.82883,0.72172,0.44297,0.33157,0.8326,0.0072016,0.0072016,0.0072016
850,10340.2,0.37027,0.22959,0.78554,0.88927,0.71686,0.82655,0.72166,0.44324,0.33153,0.83329,0.0071983,0.0071983,0.0071983
851,10352.3,0.3655,0.22383,0.78348,0.89162,0.71821,0.82787,0.72291,0.44372,0.32963,0.83437,0.007195,0.007195,0.007195
852,10364.4,0.35655,0.21944,0.78161,0.8941,0.71869,0.82805,0.72234,0.4432,0.33021,0.83401,0.0071917,0.0071917,0.0071917
853,10376.5,0.36094,0.22748,0.78293,0.8951,0.7178,0.8282,0.72162,0.44282,0.33031,0.83407,0.0071884,0.0071884,0.0071884
854,10388.7,0.35444,0.22387,0.78164,0.8964,0.71678,0.82809,0.72204,0.44419,0.33024,0.83451,0.0071851,0.0071851,0.0071851
855,10400.6,0.36021,0.22445,0.78252,0.89591,0.71958,0.82943,0.72194,0.44528,0.33278,0.83491,0.0071818,0.0071818,0.0071818
856,10412.7,0.35621,0.22084,0.78383,0.89743,0.72017,0.83035,0.72266,0.44374,0.3322,0.83432,0.0071785,0.0071785,0.0071785
857,10424.8,0.37561,0.22813,0.78317,0.89463,0.72261,0.83019,0.72279,0.44474,0.33182,0.83446,0.0071752,0.0071752,0.0071752
858,10437,0.37048,0.22916,0.78403,0.89639,0.72403,0.83123,0.72321,0.44486,0.33187,0.83449,0.0071719,0.0071719,0.0071719
859,10449.1,0.36933,0.22888,0.78282,0.90214,0.72296,0.83225,0.7235,0.44334,0.33028,0.83415,0.0071686,0.0071686,0.0071686
860,10461.3,0.36414,0.22711,0.78361,0.89891,0.7235,0.83203,0.72386,0.44296,0.3311,0.83439,0.0071653,0.0071653,0.0071653
861,10473.3,0.37088,0.22859,0.78253,0.8945,0.72658,0.83258,0.72434,0.44339,0.33167,0.83496,0.007162,0.007162,0.007162
862,10485.5,0.36758,0.22592,0.78187,0.89291,0.72902,0.83383,0.72516,0.44388,0.33287,0.83526,0.0071587,0.0071587,0.0071587
863,10497.6,0.37663,0.23031,0.78166,0.89583,0.73045,0.83575,0.72499,0.44353,0.33245,0.83497,0.0071554,0.0071554,0.0071554
864,10509.7,0.35858,0.2218,0.78222,0.89257,0.73119,0.83421,0.72434,0.44404,0.33288,0.8355,0.0071521,0.0071521,0.0071521
865,10521.8,0.36155,0.22349,0.78418,0.89183,0.73296,0.83488,0.72434,0.44345,0.33428,0.83501,0.0071488,0.0071488,0.0071488
866,10534,0.36287,0.22434,0.78111,0.89714,0.72831,0.83328,0.72409,0.44199,0.33499,0.83431,0.0071455,0.0071455,0.0071455
867,10546,0.3597,0.22294,0.78239,0.89767,0.72492,0.83272,0.72346,0.44159,0.33441,0.83424,0.0071422,0.0071422,0.0071422
868,10558.2,0.36375,0.22469,0.78159,0.89655,0.72416,0.83218,0.72358,0.44161,0.3358,0.83438,0.0071389,0.0071389,0.0071389
869,10570.4,0.35987,0.22729,0.78202,0.89827,0.72261,0.83272,0.72417,0.442,0.3346,0.83486,0.0071356,0.0071356,0.0071356
870,10582.5,0.35398,0.22209,0.78089,0.89032,0.72813,0.83258,0.72434,0.44082,0.33336,0.83432,0.0071323,0.0071323,0.0071323
871,10594.5,0.36622,0.22629,0.78449,0.8971,0.72225,0.83264,0.72468,0.44039,0.33202,0.83383,0.007129,0.007129,0.007129
872,10606.6,0.36092,0.22456,0.78081,0.89855,0.72267,0.83365,0.72569,0.44064,0.33131,0.83359,0.0071257,0.0071257,0.0071257
873,10618.8,0.36514,0.22544,0.78263,0.89783,0.72332,0.83391,0.72641,0.44033,0.33123,0.83273,0.0071224,0.0071224,0.0071224
874,10631.1,0.36818,0.22887,0.78138,0.89693,0.72546,0.83381,0.72645,0.43932,0.32905,0.83282,0.0071191,0.0071191,0.0071191
875,10643.7,0.36283,0.22874,0.78107,0.89769,0.72831,0.83605,0.72657,0.43989,0.32663,0.83307,0.0071158,0.0071158,0.0071158
876,10655.9,0.36394,0.23097,0.78172,0.89794,0.72883,0.83665,0.72695,0.44037,0.32839,0.83335,0.0071125,0.0071125,0.0071125
877,10668.2,0.36651,0.23102,0.78399,0.89718,0.72742,0.83452,0.72562,0.44047,0.32685,0.83361,0.0071092,0.0071092,0.0071092
878,10680.3,0.36627,0.22647,0.78287,0.90184,0.72368,0.83361,0.72611,0.43878,0.32621,0.83287,0.0071059,0.0071059,0.0071059
879,10692.4,0.35482,0.21869,0.77969,0.90292,0.72475,0.83374,0.72638,0.43955,0.32685,0.83334,0.0071026,0.0071026,0.0071026
880,10704.5,0.35528,0.21996,0.78041,0.9041,0.72723,0.83479,0.72593,0.44069,0.32723,0.83374,0.0070993,0.0070993,0.0070993
881,10716.6,0.3694,0.22606,0.78343,0.90297,0.72617,0.83437,0.72592,0.44156,0.32794,0.83382,0.007096,0.007096,0.007096
882,10728.6,0.36208,0.22328,0.78266,0.90195,0.72439,0.83326,0.72573,0.44354,0.32971,0.83417,0.0070927,0.0070927,0.0070927
883,10740.7,0.36976,0.22649,0.78492,0.90177,0.72671,0.83408,0.72623,0.44304,0.32927,0.83395,0.0070894,0.0070894,0.0070894
884,10752.8,0.38048,0.2295,0.78455,0.90185,0.72564,0.83449,0.72544,0.44468,0.32972,0.83496,0.0070861,0.0070861,0.0070861
885,10765,0.36663,0.2283,0.78127,0.89618,0.72742,0.8342,0.72572,0.44371,0.32828,0.83408,0.0070828,0.0070828,0.0070828
886,10777,0.36701,0.22472,0.7843,0.89583,0.72742,0.83449,0.72605,0.44355,0.33,0.83451,0.0070795,0.0070795,0.0070795
887,10789.3,0.36574,0.22638,0.78423,0.89019,0.72831,0.83327,0.72556,0.44282,0.32929,0.83452,0.0070762,0.0070762,0.0070762
888,10801.5,0.36048,0.22379,0.78254,0.89457,0.72688,0.83368,0.72521,0.44354,0.32862,0.83532,0.0070729,0.0070729,0.0070729
889,10814,0.37006,0.22904,0.78315,0.89455,0.72813,0.8338,0.72587,0.44229,0.3275,0.83547,0.0070696,0.0070696,0.0070696
890,10826.1,0.36941,0.22539,0.784,0.90187,0.72742,0.83479,0.72504,0.4432,0.32792,0.83553,0.0070663,0.0070663,0.0070663
891,10838.4,0.38358,0.2293,0.78257,0.90233,0.72585,0.83488,0.7253,0.4433,0.32922,0.83538,0.007063,0.007063,0.007063
892,10850.4,0.37458,0.22837,0.78408,0.9023,0.7235,0.83441,0.72533,0.44323,0.32986,0.8349,0.0070597,0.0070597,0.0070597
893,10862.4,0.35345,0.21985,0.78117,0.89996,0.72599,0.83409,0.72554,0.44163,0.32983,0.83353,0.0070564,0.0070564,0.0070564
894,10874.5,0.34978,0.22436,0.78136,0.90111,0.72406,0.8344,0.72579,0.44015,0.32898,0.83316,0.0070531,0.0070531,0.0070531
895,10886.5,0.35573,0.22826,0.78119,0.90306,0.72361,0.83412,0.72556,0.43797,0.32924,0.83284,0.0070498,0.0070498,0.0070498
896,10898.6,0.36134,0.22531,0.78364,0.89975,0.72172,0.83341,0.72572,0.43983,0.33202,0.83312,0.0070465,0.0070465,0.0070465
897,10910.6,0.36275,0.22494,0.78273,0.896,0.72403,0.83345,0.72522,0.44083,0.33401,0.83319,0.0070432,0.0070432,0.0070432
898,10922.7,0.36826,0.22513,0.78182,0.9016,0.7219,0.83355,0.72469,0.4406,0.33526,0.83344,0.0070399,0.0070399,0.0070399
899,10934.8,0.35849,0.22269,0.78337,0.90244,0.7235,0.83347,0.72552,0.4411,0.33567,0.83427,0.0070366,0.0070366,0.0070366
900,10946.9,0.36616,0.2285,0.78157,0.9025,0.72392,0.83448,0.72557,0.44213,0.33626,0.83527,0.0070333,0.0070333,0.0070333
901,10959,0.37278,0.22495,0.78118,0.90126,0.72653,0.83565,0.7262,0.44261,0.33646,0.8351,0.00703,0.00703,0.00703
902,10971.1,0.3593,0.22306,0.78309,0.90037,0.72777,0.83668,0.72657,0.44298,0.33496,0.83595,0.0070267,0.0070267,0.0070267
903,10983,0.34583,0.21664,0.77908,0.89936,0.72314,0.83444,0.72555,0.44225,0.33546,0.83546,0.0070234,0.0070234,0.0070234
904,10995.1,0.36804,0.2252,0.7833,0.90266,0.72363,0.83472,0.72506,0.43993,0.33448,0.83505,0.0070201,0.0070201,0.0070201
905,11007.4,0.36807,0.2289,0.78277,0.90115,0.72436,0.83475,0.72578,0.4391,0.33428,0.83457,0.0070168,0.0070168,0.0070168
906,11019.4,0.3577,0.21961,0.7822,0.90137,0.72296,0.83467,0.726,0.43782,0.33464,0.83418,0.0070135,0.0070135,0.0070135
907,11031.3,0.35652,0.21958,0.78105,0.90257,0.72121,0.83457,0.72627,0.43766,0.33628,0.83404,0.0070102,0.0070102,0.0070102
908,11043.4,0.35077,0.21855,0.78234,0.89986,0.72202,0.83401,0.72681,0.43905,0.33616,0.83498,0.0070069,0.0070069,0.0070069
909,11055.6,0.36485,0.22646,0.78369,0.89786,0.72354,0.83444,0.72727,0.43901,0.3361,0.83558,0.0070036,0.0070036,0.0070036
910,11067.6,0.35907,0.22195,0.78177,0.89689,0.72373,0.83429,0.72738,0.43889,0.33566,0.83542,0.0070003,0.0070003,0.0070003
911,11079.9,0.36696,0.22515,0.78129,0.89938,0.72492,0.83502,0.72814,0.44015,0.33508,0.83646,0.006997,0.006997,0.006997
912,11092,0.35085,0.22069,0.78115,0.90243,0.72502,0.83571,0.72859,0.438,0.3331,0.83573,0.0069937,0.0069937,0.0069937
913,11104.2,0.35266,0.2192,0.78066,0.90212,0.72653,0.83696,0.72888,0.43844,0.33223,0.83592,0.0069904,0.0069904,0.0069904
914,11116.3,0.3624,0.22077,0.78142,0.90459,0.7235,0.83534,0.72856,0.43699,0.33122,0.83546,0.0069871,0.0069871,0.0069871
915,11128.4,0.36115,0.22087,0.78291,0.90537,0.72403,0.83595,0.72873,0.439,0.33129,0.83647,0.0069838,0.0069838,0.0069838
916,11140.4,0.35342,0.21925,0.77975,0.90926,0.72368,0.83716,0.72912,0.439,0.33078,0.8371,0.0069805,0.0069805,0.0069805
917,11152.6,0.36525,0.22472,0.78124,0.90913,0.72332,0.8381,0.72944,0.43824,0.32898,0.83621,0.0069772,0.0069772,0.0069772
918,11164.8,0.35002,0.21694,0.77985,0.91133,0.72144,0.83809,0.72948,0.43943,0.32817,0.83609,0.0069739,0.0069739,0.0069739
919,11176.9,0.35591,0.21814,0.77933,0.90992,0.72348,0.83913,0.72996,0.43812,0.32667,0.83566,0.0069706,0.0069706,0.0069706
920,11189,0.3608,0.22284,0.781,0.90946,0.72654,0.84035,0.72986,0.43855,0.32706,0.83559,0.0069673,0.0069673,0.0069673
921,11201.1,0.36816,0.22363,0.78071,0.91022,0.72671,0.84027,0.73073,0.43607,0.32772,0.83477,0.006964,0.006964,0.006964
922,11213.3,0.35558,0.22276,0.78116,0.90788,0.72617,0.83855,0.7311,0.43542,0.3279,0.83441,0.0069607,0.0069607,0.0069607
923,11225.4,0.35867,0.22119,0.78149,0.90886,0.72661,0.83868,0.73137,0.4345,0.3259,0.83373,0.0069574,0.0069574,0.0069574
924,11237.7,0.35026,0.2172,0.78234,0.90799,0.72786,0.83926,0.73165,0.43369,0.32559,0.83367,0.0069541,0.0069541,0.0069541
925,11249.8,0.35004,0.22148,0.78215,0.90338,0.72796,0.83792,0.73159,0.4336,0.32491,0.83373,0.0069508,0.0069508,0.0069508
926,11261.9,0.35328,0.21848,0.78045,0.90617,0.72777,0.83893,0.73249,0.43259,0.32451,0.83345,0.0069475,0.0069475,0.0069475
927,11274.1,0.35524,0.22021,0.78147,0.90999,0.7259,0.84001,0.73257,0.43274,0.32477,0.83398,0.0069442,0.0069442,0.0069442
928,11286.4,0.35886,0.21888,0.78154,0.89963,0.72884,0.83996,0.73254,0.43299,0.32564,0.8341,0.0069409,0.0069409,0.0069409
929,11298.4,0.35618,0.22068,0.78047,0.90712,0.72384,0.83869,0.73113,0.43295,0.3252,0.8346,0.0069376,0.0069376,0.0069376
930,11310.4,0.35366,0.22272,0.78116,0.89568,0.72813,0.83764,0.73087,0.43368,0.32556,0.83462,0.0069343,0.0069343,0.0069343
931,11322.6,0.36397,0.22441,0.78153,0.89398,0.73013,0.83782,0.73122,0.43274,0.32625,0.8339,0.006931,0.006931,0.006931
932,11334.6,0.35845,0.22384,0.78298,0.89745,0.73134,0.83864,0.73179,0.43272,0.3247,0.83455,0.0069277,0.0069277,0.0069277
933,11346.7,0.36024,0.22346,0.78187,0.89942,0.72963,0.8387,0.7315,0.43274,0.32579,0.83463,0.0069244,0.0069244,0.0069244
934,11358.9,0.36407,0.2245,0.78133,0.89984,0.73145,0.83933,0.73204,0.43161,0.32517,0.83433,0.0069211,0.0069211,0.0069211
935,11371,0.36655,0.22505,0.78077,0.8966,0.73241,0.83978,0.73293,0.43138,0.3264,0.83367,0.0069178,0.0069178,0.0069178
936,11383.2,0.35429,0.22051,0.78148,0.89697,0.7305,0.83893,0.73272,0.43147,0.32607,0.83414,0.0069145,0.0069145,0.0069145
937,11395.4,0.3656,0.22696,0.78231,0.89389,0.73089,0.83816,0.73241,0.43137,0.32635,0.83429,0.0069112,0.0069112,0.0069112
938,11407.4,0.34505,0.22033,0.78109,0.89236,0.7326,0.83834,0.73294,0.4318,0.32584,0.83469,0.0069079,0.0069079,0.0069079
939,11419.5,0.3541,0.22112,0.78356,0.89267,0.73294,0.83775,0.7323,0.43109,0.32469,0.83453,0.0069046,0.0069046,0.0069046
940,11431.6,0.35194,0.21866,0.78326,0.89408,0.73419,0.8389,0.7327,0.42992,0.3236,0.83437,0.0069013,0.0069013,0.0069013
941,11443.6,0.34843,0.21587,0.78159,0.89425,0.73454,0.83904,0.73267,0.42934,0.32489,0.83423,0.006898,0.006898,0.006898
942,11455.6,0.34799,0.21528,0.78054,0.89628,0.73279,0.83965,0.73232,0.4301,0.32491,0.83456,0.0068947,0.0068947,0.0068947
943,11467.6,0.35377,0.22463,0.78135,0.89756,0.73223,0.83952,0.73217,0.43136,0.3252,0.83518,0.0068914,0.0068914,0.0068914
944,11479.7,0.3581,0.22007,0.78187,0.89742,0.73254,0.83808,0.73162,0.43064,0.32553,0.83482,0.0068881,0.0068881,0.0068881
945,11491.7,0.35267,0.23511,0.78633,0.89751,0.73323,0.83861,0.73094,0.43182,0.32457,0.83529,0.0068848,0.0068848,0.0068848
946,11503.8,0.34934,0.21911,0.78152,0.90106,0.73009,0.83813,0.73078,0.43153,0.32412,0.83422,0.0068815,0.0068815,0.0068815
947,11515.8,0.36108,0.22246,0.78355,0.90123,0.73027,0.83783,0.73073,0.4322,0.32305,0.83512,0.0068782,0.0068782,0.0068782
948,11527.9,0.36087,0.22379,0.78238,0.90187,0.73026,0.83814,0.73048,0.43296,0.32219,0.83613,0.0068749,0.0068749,0.0068749
949,11539.9,0.35984,0.2235,0.78124,0.8995,0.72902,0.83773,0.73083,0.43432,0.32331,0.8365,0.0068716,0.0068716,0.0068716
950,11552.4,0.35669,0.2222,0.78164,0.89909,0.72697,0.83698,0.73037,0.43407,0.32319,0.83621,0.0068683,0.0068683,0.0068683
951,11564.6,0.36266,0.22321,0.78234,0.90138,0.72628,0.83647,0.72943,0.43414,0.32328,0.83593,0.006865,0.006865,0.006865
952,11576.8,0.37058,0.22561,0.78138,0.90033,0.72904,0.83748,0.72977,0.43408,0.32391,0.83618,0.0068617,0.0068617,0.0068617
953,11589.1,0.35873,0.22314,0.7831,0.8975,0.73134,0.83748,0.72954,0.43492,0.32483,0.83586,0.0068584,0.0068584,0.0068584
954,11601.3,0.35681,0.21886,0.78147,0.89631,0.73241,0.83807,0.72957,0.43478,0.32686,0.83562,0.0068551,0.0068551,0.0068551
955,11613.5,0.35854,0.22071,0.78157,0.89809,0.73348,0.83862,0.72969,0.43458,0.32646,0.83586,0.0068518,0.0068518,0.0068518
956,11625.8,0.3604,0.23035,0.78173,0.89905,0.73365,0.83858,0.73011,0.43408,0.32542,0.83583,0.0068485,0.0068485,0.0068485
957,11637.9,0.35145,0.22467,0.77973,0.90384,0.73009,0.83871,0.72937,0.43578,0.32453,0.83738,0.0068452,0.0068452,0.0068452
958,11649.9,0.36214,0.22545,0.78325,0.90452,0.72909,0.83769,0.72901,0.43604,0.32379,0.83709,0.0068419,0.0068419,0.0068419
959,11662.1,0.36143,0.22657,0.78326,0.90696,0.72831,0.83761,0.72862,0.43727,0.32396,0.83714,0.0068386,0.0068386,0.0068386
960,11674,0.3678,0.22625,0.78415,0.90755,0.72849,0.83752,0.72798,0.43633,0.32281,0.83648,0.0068353,0.0068353,0.0068353
961,11686.1,0.3558,0.22025,0.78318,0.90177,0.73419,0.839,0.7282,0.43743,0.32351,0.83648,0.006832,0.006832,0.006832
962,11698.1,0.36694,0.22697,0.78045,0.90159,0.7308,0.8372,0.72722,0.43855,0.32428,0.8369,0.0068287,0.0068287,0.0068287
963,11710.1,0.35957,0.22581,0.78203,0.89596,0.73486,0.83774,0.72762,0.43771,0.32477,0.83656,0.0068254,0.0068254,0.0068254
964,11722.2,0.35927,0.22396,0.7824,0.90486,0.73028,0.83825,0.72866,0.43745,0.32481,0.83675,0.0068221,0.0068221,0.0068221
965,11734.4,0.3584,0.22261,0.7817,0.90608,0.72991,0.83857,0.72914,0.43725,0.32447,0.83684,0.0068188,0.0068188,0.0068188
966,11746.4,0.35502,0.21953,0.78152,0.91007,0.72938,0.83918,0.72925,0.43626,0.32354,0.8359,0.0068155,0.0068155,0.0068155
967,11758.3,0.35331,0.21694,0.77997,0.90577,0.73187,0.83923,0.72943,0.43612,0.32437,0.83575,0.0068122,0.0068122,0.0068122
968,11770.5,0.36301,0.22323,0.78008,0.90321,0.73383,0.84006,0.72948,0.43618,0.3259,0.83554,0.0068089,0.0068089,0.0068089
969,11782.6,0.36256,0.22233,0.78015,0.89409,0.73693,0.8388,0.72976,0.43633,0.32651,0.83608,0.0068056,0.0068056,0.0068056
970,11794.7,0.35895,0.22056,0.78065,0.91047,0.7265,0.83966,0.73034,0.43601,0.3272,0.8363,0.0068023,0.0068023,0.0068023
971,11806.8,0.35021,0.2175,0.78069,0.91033,0.72524,0.83873,0.73011,0.43585,0.32584,0.83637,0.006799,0.006799,0.006799
972,11819,0.35697,0.22103,0.78121,0.91028,0.72528,0.83818,0.73021,0.43574,0.32561,0.83628,0.0067957,0.0067957,0.0067957
973,11831.1,0.35051,0.21787,0.78158,0.91076,0.72617,0.83906,0.73073,0.43616,0.32635,0.83632,0.0067924,0.0067924,0.0067924
974,11843.7,0.35189,0.21779,0.78223,0.90457,0.72956,0.83931,0.73079,0.43559,0.32621,0.8366,0.0067891,0.0067891,0.0067891
975,11855.9,0.34304,0.21597,0.78021,0.90382,0.72884,0.83839,0.73068,0.43468,0.32722,0.83634,0.0067858,0.0067858,0.0067858
976,11868.2,0.35534,0.21993,0.78193,0.90658,0.72867,0.83892,0.7311,0.43388,0.3279,0.83626,0.0067825,0.0067825,0.0067825
977,11880.3,0.35585,0.21836,0.78041,0.9054,0.72867,0.8388,0.7309,0.43376,0.32678,0.83651,0.0067792,0.0067792,0.0067792
978,11892.4,0.34777,0.21553,0.78083,0.90544,0.72902,0.83949,0.73092,0.43344,0.32641,0.83627,0.0067759,0.0067759,0.0067759
979,11904.4,0.35956,0.21966,0.78192,0.90376,0.73134,0.83979,0.73108,0.43354,0.32619,0.83624,0.0067726,0.0067726,0.0067726
980,11916.5,0.35394,0.21879,0.782,0.89951,0.73597,0.84107,0.73156,0.43192,0.3261,0.83578,0.0067693,0.0067693,0.0067693
981,11928.6,0.35753,0.22462,0.78231,0.90838,0.73128,0.84068,0.73158,0.43076,0.32463,0.8353,0.006766,0.006766,0.006766
982,11940.7,0.36117,0.22251,0.78132,0.90841,0.73156,0.84058,0.73118,0.43119,0.32566,0.83554,0.0067627,0.0067627,0.0067627
983,11952.9,0.36446,0.22177,0.78275,0.9066,0.73146,0.84019,0.73203,0.43076,0.32634,0.83553,0.0067594,0.0067594,0.0067594
984,11965.2,0.3511,0.21844,0.78347,0.90496,0.73063,0.83968,0.73196,0.43131,0.32757,0.83622,0.0067561,0.0067561,0.0067561
985,11977.2,0.35187,0.21778,0.78124,0.9054,0.72637,0.83874,0.73146,0.42956,0.32538,0.83587,0.0067528,0.0067528,0.0067528
986,11989.3,0.34288,0.22117,0.78137,0.90725,0.72902,0.8399,0.73137,0.43066,0.32663,0.83638,0.0067495,0.0067495,0.0067495
987,12001.4,0.35634,0.21974,0.78311,0.90539,0.72635,0.83894,0.73186,0.43016,0.32565,0.83644,0.0067462,0.0067462,0.0067462
988,12013.5,0.35207,0.21791,0.78274,0.89853,0.73116,0.83914,0.73195,0.43022,0.3247,0.83625,0.0067429,0.0067429,0.0067429
989,12025.6,0.35166,0.21729,0.77855,0.89553,0.73276,0.83995,0.73217,0.42963,0.32479,0.83643,0.0067396,0.0067396,0.0067396
990,12037.7,0.35084,0.21927,0.78111,0.89815,0.73365,0.84092,0.73229,0.42918,0.32392,0.83644,0.0067363,0.0067363,0.0067363
991,12049.8,0.35693,0.21974,0.78315,0.89978,0.73437,0.84143,0.73302,0.4292,0.32421,0.83641,0.006733,0.006733,0.006733
992,12061.9,0.35258,0.21716,0.78183,0.90736,0.7311,0.84101,0.73298,0.42862,0.32305,0.83631,0.0067297,0.0067297,0.0067297
993,12074,0.35104,0.21814,0.78171,0.90607,0.73038,0.84044,0.73356,0.42761,0.32233,0.83615,0.0067264,0.0067264,0.0067264
994,12086.2,0.3605,0.21824,0.78228,0.90209,0.73045,0.83959,0.73367,0.42759,0.32248,0.83573,0.0067231,0.0067231,0.0067231
995,12098.3,0.36258,0.22126,0.77982,0.90352,0.7308,0.83968,0.7334,0.42735,0.32257,0.83583,0.0067198,0.0067198,0.0067198
996,12110.5,0.35417,0.2244,0.78048,0.90309,0.72973,0.83907,0.73276,0.42683,0.32316,0.83541,0.0067165,0.0067165,0.0067165
997,12122.6,0.35012,0.21935,0.78195,0.90241,0.73009,0.83967,0.73269,0.42736,0.32272,0.83548,0.0067132,0.0067132,0.0067132
998,12134.7,0.34518,0.21512,0.78063,0.89982,0.73116,0.83916,0.73259,0.4282,0.32393,0.83596,0.0067099,0.0067099,0.0067099
999,12146.8,0.36521,0.22298,0.78117,0.90435,0.73105,0.83861,0.73225,0.42753,0.32356,0.83543,0.0067066,0.0067066,0.0067066
1000,12158.9,0.35037,0.21923,0.78036,0.90427,0.72973,0.83846,0.73203,0.42797,0.32345,0.83499,0.0067033,0.0067033,0.0067033
1001,12170.9,0.36453,0.22403,0.78115,0.90568,0.72973,0.8382,0.73223,0.42875,0.32273,0.83542,0.0067,0.0067,0.0067
1002,12182.9,0.35437,0.21678,0.78247,0.90455,0.73105,0.83737,0.73199,0.42956,0.32314,0.83575,0.0066967,0.0066967,0.0066967
1003,12194.9,0.34919,0.21902,0.78212,0.90334,0.73098,0.83801,0.73271,0.43076,0.32337,0.83631,0.0066934,0.0066934,0.0066934
1004,12207.1,0.3566,0.2209,0.78061,0.90434,0.7333,0.83847,0.73291,0.43106,0.32369,0.83644,0.0066901,0.0066901,0.0066901
1005,12219.1,0.34983,0.2169,0.77937,0.90538,0.73063,0.83764,0.73255,0.43128,0.32564,0.83692,0.0066868,0.0066868,0.0066868
1006,12231.2,0.36461,0.2211,0.78127,0.90427,0.73116,0.83784,0.73238,0.43003,0.3261,0.836,0.0066835,0.0066835,0.0066835
1007,12243.3,0.35145,0.21864,0.78175,0.90475,0.7308,0.83859,0.7326,0.43004,0.32554,0.83619,0.0066802,0.0066802,0.0066802
1008,12255.3,0.35335,0.21926,0.78008,0.90631,0.73134,0.83951,0.73285,0.42973,0.32474,0.83544,0.0066769,0.0066769,0.0066769
1009,12267.4,0.35253,0.21892,0.78004,0.90499,0.72971,0.83763,0.73254,0.42961,0.32527,0.83555,0.0066736,0.0066736,0.0066736
1010,12279.6,0.35775,0.22065,0.78207,0.90187,0.73063,0.83662,0.73256,0.42975,0.32468,0.83569,0.0066703,0.0066703,0.0066703
1011,12291.6,0.34551,0.21679,0.78009,0.90143,0.72938,0.83658,0.73321,0.42999,0.3248,0.83589,0.006667,0.006667,0.006667
1012,12303.6,0.3395,0.21332,0.7787,0.9025,0.72956,0.83762,0.7333,0.42994,0.32509,0.83629,0.0066637,0.0066637,0.0066637
1013,12315.8,0.34552,0.21329,0.78014,0.89877,0.73239,0.83783,0.73339,0.42946,0.32348,0.83626,0.0066604,0.0066604,0.0066604
1014,12328,0.34459,0.2164,0.7798,0.89814,0.73365,0.83866,0.73396,0.42892,0.32354,0.83595,0.0066571,0.0066571,0.0066571
1015,12340.2,0.35709,0.21582,0.78271,0.8938,0.73469,0.83818,0.73384,0.42894,0.3239,0.83611,0.0066538,0.0066538,0.0066538
1016,12352.3,0.33608,0.2123,0.78225,0.89665,0.73266,0.83827,0.73349,0.42921,0.32447,0.8359,0.0066505,0.0066505,0.0066505
1017,12364.5,0.34938,0.22092,0.78122,0.89811,0.73152,0.83786,0.73369,0.42941,0.32485,0.83598,0.0066472,0.0066472,0.0066472
1018,12376.7,0.36786,0.22369,0.78287,0.89735,0.73198,0.8374,0.73351,0.42998,0.32551,0.83611,0.0066439,0.0066439,0.0066439
1019,12388.8,0.34497,0.2144,0.78248,0.89833,0.73134,0.83763,0.73294,0.43028,0.32634,0.83663,0.0066406,0.0066406,0.0066406
1020,12400.9,0.34835,0.2196,0.77958,0.89742,0.73116,0.83739,0.73254,0.42967,0.32686,0.83592,0.0066373,0.0066373,0.0066373
1021,12413,0.34702,0.21744,0.78061,0.89872,0.73192,0.83784,0.73294,0.42944,0.32606,0.83596,0.006634,0.006634,0.006634
1022,12425.1,0.34842,0.21512,0.77954,0.90206,0.72777,0.83755,0.73274,0.42902,0.32619,0.83587,0.0066307,0.0066307,0.0066307
1023,12437.2,0.35428,0.21933,0.78054,0.90387,0.72742,0.83812,0.73232,0.42885,0.32564,0.83555,0.0066274,0.0066274,0.0066274
1024,12449.3,0.34488,0.21223,0.77834,0.90183,0.72956,0.83762,0.73238,0.42806,0.32507,0.83526,0.0066241,0.0066241,0.0066241
1025,12461.3,0.33373,0.21024,0.78102,0.90074,0.7275,0.83739,0.73255,0.42855,0.32379,0.83521,0.0066208,0.0066208,0.0066208
1026,12473.4,0.35578,0.21757,0.78121,0.8979,0.72973,0.83754,0.73207,0.42782,0.32257,0.83503,0.0066175,0.0066175,0.0066175
1027,12485.6,0.34729,0.2178,0.77975,0.89676,0.73045,0.83801,0.73231,0.42762,0.32348,0.83464,0.0066142,0.0066142,0.0066142
1028,12497.6,0.34162,0.21463,0.78022,0.90321,0.72492,0.83816,0.73264,0.42694,0.32391,0.83429,0.0066109,0.0066109,0.0066109
1029,12509.6,0.34644,0.21629,0.77904,0.89723,0.72789,0.83747,0.73209,0.42661,0.32368,0.83409,0.0066076,0.0066076,0.0066076
1030,12521.7,0.35056,0.22187,0.78443,0.89917,0.7292,0.83735,0.73208,0.42727,0.32311,0.8345,0.0066043,0.0066043,0.0066043
1031,12533.8,0.34847,0.2164,0.77824,0.89474,0.7308,0.83696,0.73173,0.42722,0.32291,0.83414,0.006601,0.006601,0.006601
1032,12546.3,0.35127,0.21655,0.78181,0.89503,0.72956,0.83683,0.73175,0.42753,0.32353,0.83474,0.0065977,0.0065977,0.0065977
1033,12558.6,0.34649,0.21684,0.78038,0.89532,0.73045,0.83707,0.73184,0.42695,0.32438,0.83488,0.0065944,0.0065944,0.0065944
1034,12570.8,0.34166,0.21788,0.78128,0.89616,0.7292,0.83733,0.73214,0.42724,0.32395,0.83558,0.0065911,0.0065911,0.0065911
1035,12582.8,0.34596,0.21643,0.78096,0.89783,0.7276,0.8373,0.73167,0.42683,0.32455,0.83581,0.0065878,0.0065878,0.0065878
1036,12594.8,0.33129,0.20979,0.78048,0.89706,0.72813,0.83657,0.73147,0.4266,0.32384,0.83586,0.0065845,0.0065845,0.0065845
1037,12607,0.33681,0.21144,0.78093,0.89657,0.72688,0.83643,0.7316,0.42548,0.32372,0.83539,0.0065812,0.0065812,0.0065812
1038,12619.2,0.3491,0.2158,0.7822,0.89526,0.73116,0.83687,0.73181,0.42604,0.32556,0.83562,0.0065779,0.0065779,0.0065779
1039,12631.4,0.34725,0.21281,0.77997,0.89689,0.72683,0.83598,0.73149,0.42593,0.32547,0.83573,0.0065746,0.0065746,0.0065746
1040,12643.4,0.35347,0.22059,0.77915,0.89845,0.72724,0.83624,0.7322,0.42694,0.32634,0.83622,0.0065713,0.0065713,0.0065713
1041,12655.5,0.34288,0.21425,0.77781,0.89841,0.72653,0.83549,0.7324,0.4266,0.32653,0.83632,0.006568,0.006568,0.006568
1042,12667.6,0.35424,0.21913,0.78081,0.90057,0.72724,0.83568,0.73242,0.42541,0.32556,0.83621,0.0065647,0.0065647,0.0065647
1043,12679.7,0.35043,0.21627,0.77995,0.90183,0.72666,0.837,0.73344,0.42519,0.32485,0.83643,0.0065614,0.0065614,0.0065614
1044,12691.9,0.3387,0.21177,0.77928,0.90187,0.72699,0.83651,0.73286,0.42527,0.32353,0.83639,0.0065581,0.0065581,0.0065581
1045,12703.9,0.34835,0.21766,0.78165,0.89575,0.73174,0.83728,0.73317,0.42449,0.32368,0.83603,0.0065548,0.0065548,0.0065548
1046,12716.3,0.34304,0.21662,0.78176,0.90605,0.72457,0.83733,0.73247,0.42392,0.32329,0.83541,0.0065515,0.0065515,0.0065515
1047,12728.6,0.34968,0.22056,0.78088,0.90225,0.72867,0.83814,0.73247,0.42438,0.32239,0.83535,0.0065482,0.0065482,0.0065482
1048,12740.9,0.36662,0.22358,0.78173,0.90111,0.72893,0.83819,0.73319,0.42548,0.3232,0.83572,0.0065449,0.0065449,0.0065449
1049,12752.9,0.34526,0.21796,0.77993,0.90616,0.72849,0.83838,0.73339,0.42599,0.3223,0.83574,0.0065416,0.0065416,0.0065416
1050,12765.1,0.35322,0.21579,0.78203,0.90718,0.7296,0.84022,0.73368,0.42559,0.32237,0.83633,0.0065383,0.0065383,0.0065383
1051,12777.1,0.34968,0.21348,0.77959,0.90599,0.72971,0.84017,0.73455,0.42481,0.32163,0.83644,0.006535,0.006535,0.006535
1052,12789.2,0.34443,0.21344,0.77958,0.91035,0.72991,0.84056,0.73462,0.42576,0.32182,0.8366,0.0065317,0.0065317,0.0065317
1053,12801.6,0.33999,0.21386,0.78005,0.90229,0.73208,0.84008,0.73447,0.42566,0.32215,0.83643,0.0065284,0.0065284,0.0065284
1054,12813.8,0.33411,0.21003,0.77815,0.90249,0.73048,0.83852,0.73424,0.42536,0.32063,0.83618,0.0065251,0.0065251,0.0065251
1055,12826,0.34799,0.21628,0.77987,0.90659,0.72831,0.8389,0.73484,0.42628,0.32114,0.8371,0.0065218,0.0065218,0.0065218
1056,12838.1,0.34631,0.2147,0.78039,0.90683,0.73001,0.83972,0.73484,0.42655,0.32154,0.83717,0.0065185,0.0065185,0.0065185
1057,12850.2,0.3279,0.20676,0.78099,0.90509,0.73169,0.83965,0.7349,0.42641,0.32058,0.83693,0.0065152,0.0065152,0.0065152
1058,12862.4,0.35189,0.21686,0.78216,0.90612,0.73081,0.83987,0.73458,0.42707,0.3211,0.83724,0.0065119,0.0065119,0.0065119
1059,12874.5,0.34662,0.21516,0.78058,0.90605,0.7308,0.84004,0.73468,0.42579,0.32136,0.83616,0.0065086,0.0065086,0.0065086
1060,12886.6,0.35309,0.21594,0.77768,0.90297,0.73009,0.83886,0.734,0.42547,0.3218,0.83589,0.0065053,0.0065053,0.0065053
1061,12898.7,0.34779,0.21706,0.78014,0.90235,0.73152,0.83968,0.73491,0.42524,0.32187,0.83573,0.006502,0.006502,0.006502
1062,12910.8,0.34182,0.21387,0.77853,0.90575,0.72831,0.83968,0.73454,0.42588,0.32209,0.83613,0.0064987,0.0064987,0.0064987
1063,12922.9,0.34774,0.21524,0.78443,0.90695,0.72583,0.83906,0.73491,0.42568,0.3223,0.83558,0.0064954,0.0064954,0.0064954
1064,12935.1,0.34649,0.21304,0.77874,0.9069,0.72712,0.83934,0.73459,0.42519,0.32273,0.83512,0.0064921,0.0064921,0.0064921
1065,12947.1,0.33148,0.20949,0.77873,0.90743,0.72823,0.8393,0.73456,0.42588,0.3232,0.83527,0.0064888,0.0064888,0.0064888
1066,12959.1,0.33353,0.21172,0.77959,0.90718,0.72902,0.83957,0.73481,0.42583,0.32322,0.83469,0.0064855,0.0064855,0.0064855
1067,12971.2,0.35027,0.21408,0.78308,0.90534,0.72754,0.83886,0.73478,0.42621,0.32382,0.83427,0.0064822,0.0064822,0.0064822
1068,12983.6,0.35259,0.21676,0.7807,0.9072,0.72688,0.83841,0.73491,0.42603,0.32401,0.83397,0.0064789,0.0064789,0.0064789
1069,12995.9,0.3492,0.21543,0.77992,0.90134,0.72813,0.83709,0.73526,0.42523,0.32419,0.83319,0.0064756,0.0064756,0.0064756
1070,13008.3,0.34842,0.21544,0.78164,0.90522,0.72659,0.83767,0.73531,0.42443,0.3245,0.8332,0.0064723,0.0064723,0.0064723
1071,13020.5,0.34843,0.21857,0.7816,0.90447,0.72706,0.83843,0.73605,0.42409,0.32466,0.83324,0.006469,0.006469,0.006469
1072,13032.7,0.34678,0.21578,0.77904,0.90279,0.72884,0.83868,0.73595,0.42444,0.32507,0.83292,0.0064657,0.0064657,0.0064657
1073,13044.9,0.35428,0.21865,0.78314,0.90108,0.72867,0.83862,0.73599,0.42298,0.3247,0.83294,0.0064624,0.0064624,0.0064624
1074,13056.9,0.35346,0.21725,0.7819,0.89981,0.72831,0.83803,0.73571,0.42297,0.32496,0.83321,0.0064591,0.0064591,0.0064591
1075,13069,0.35023,0.21675,0.78143,0.89908,0.72854,0.83721,0.73529,0.42277,0.32508,0.83268,0.0064558,0.0064558,0.0064558
1076,13081.1,0.34895,0.21754,0.78016,0.8984,0.72884,0.837,0.7351,0.4229,0.32488,0.83281,0.0064525,0.0064525,0.0064525
1077,13093.3,0.35283,0.21805,0.78105,0.9008,0.72804,0.83713,0.73497,0.42361,0.32497,0.83281,0.0064492,0.0064492,0.0064492
1078,13105.3,0.34477,0.2147,0.77992,0.90289,0.72671,0.83721,0.73483,0.42394,0.32453,0.83319,0.0064459,0.0064459,0.0064459
1079,13117.4,0.344,0.21573,0.77897,0.90241,0.72814,0.83825,0.73536,0.42461,0.32458,0.83408,0.0064426,0.0064426,0.0064426
1080,13129.6,0.35316,0.21806,0.77959,0.90125,0.73004,0.83844,0.73535,0.42547,0.32409,0.83449,0.0064393,0.0064393,0.0064393
1081,13141.8,0.34745,0.21887,0.7823,0.90203,0.72996,0.83854,0.73529,0.42429,0.32328,0.83382,0.006436,0.006436,0.006436
1082,13153.8,0.33648,0.21229,0.77876,0.90311,0.72731,0.83825,0.73544,0.42281,0.32283,0.83286,0.0064327,0.0064327,0.0064327
1083,13165.9,0.3459,0.21707,0.78353,0.90059,0.73115,0.83823,0.73551,0.42293,0.32262,0.83304,0.0064294,0.0064294,0.0064294
1084,13178,0.34121,0.21352,0.78158,0.90298,0.72742,0.83776,0.73508,0.42234,0.32233,0.83274,0.0064261,0.0064261,0.0064261
1085,13190.1,0.33768,0.20995,0.78084,0.90441,0.72688,0.83773,0.73512,0.42178,0.3221,0.83262,0.0064228,0.0064228,0.0064228
1086,13202.5,0.3353,0.20912,0.78072,0.90602,0.72825,0.83896,0.7345,0.42126,0.32198,0.83268,0.0064195,0.0064195,0.0064195
1087,13214.6,0.33833,0.2126,0.77943,0.90576,0.72775,0.83944,0.73494,0.42139,0.32299,0.83277,0.0064162,0.0064162,0.0064162
1088,13226.7,0.33876,0.21368,0.78091,0.90395,0.73009,0.84008,0.73465,0.42172,0.32409,0.83284,0.0064129,0.0064129,0.0064129
1089,13238.7,0.34584,0.21562,0.77871,0.90191,0.73063,0.83997,0.73494,0.42157,0.32371,0.83298,0.0064096,0.0064096,0.0064096
1090,13250.9,0.34254,0.21462,0.78074,0.90189,0.73152,0.8405,0.73516,0.42117,0.32394,0.83294,0.0064063,0.0064063,0.0064063
1091,13262.9,0.35268,0.21411,0.77988,0.90051,0.73205,0.83998,0.73441,0.42129,0.3235,0.83289,0.006403,0.006403,0.006403
1092,13275,0.34354,0.2148,0.78092,0.90155,0.7325,0.84053,0.73495,0.42114,0.32348,0.83308,0.0063997,0.0063997,0.0063997
1093,13287.2,0.348,0.21585,0.78011,0.90039,0.73169,0.83992,0.73469,0.42087,0.32264,0.83307,0.0063964,0.0063964,0.0063964
1094,13299.4,0.33696,0.2125,0.77974,0.90102,0.73187,0.84037,0.7348,0.42,0.32313,0.83264,0.0063931,0.0063931,0.0063931
1095,13311.4,0.34479,0.21477,0.78079,0.90005,0.73187,0.84029,0.73513,0.41937,0.32329,0.83218,0.0063898,0.0063898,0.0063898
1096,13323.5,0.34012,0.21271,0.78192,0.90186,0.73018,0.84047,0.73525,0.41978,0.32285,0.832,0.0063865,0.0063865,0.0063865
1097,13335.5,0.34508,0.21403,0.7779,0.90189,0.7288,0.84004,0.73559,0.4203,0.32333,0.83245,0.0063832,0.0063832,0.0063832
1098,13347.6,0.33129,0.20952,0.77995,0.8988,0.72785,0.83936,0.73502,0.42061,0.32355,0.83272,0.0063799,0.0063799,0.0063799
1099,13359.7,0.34091,0.21316,0.77937,0.89833,0.72881,0.83915,0.73482,0.42073,0.32397,0.83293,0.0063766,0.0063766,0.0063766
1100,13371.7,0.32771,0.20768,0.77864,0.90057,0.72724,0.83928,0.73512,0.42099,0.32487,0.83308,0.0063733,0.0063733,0.0063733
1101,13383.8,0.34861,0.21249,0.77976,0.90105,0.72842,0.84011,0.73578,0.42081,0.32415,0.8335,0.00637,0.00637,0.00637
1102,13395.9,0.34609,0.21526,0.77913,0.90092,0.72897,0.83945,0.73582,0.42113,0.32359,0.83359,0.0063667,0.0063667,0.0063667
1103,13407.9,0.34441,0.21627,0.7796,0.90009,0.72867,0.83912,0.73587,0.42056,0.32425,0.83305,0.0063634,0.0063634,0.0063634
1104,13420,0.34256,0.21044,0.78051,0.89985,0.72837,0.83905,0.73565,0.42084,0.32436,0.8332,0.0063601,0.0063601,0.0063601
1105,13432.1,0.33445,0.21016,0.78033,0.89933,0.72795,0.83867,0.73571,0.42086,0.32394,0.83318,0.0063568,0.0063568,0.0063568
1106,13444.2,0.34444,0.21161,0.77859,0.89988,0.7276,0.83876,0.73581,0.4204,0.32388,0.83352,0.0063535,0.0063535,0.0063535
1107,13456.2,0.34411,0.21422,0.78051,0.90131,0.72727,0.83903,0.7362,0.42072,0.32431,0.8337,0.0063502,0.0063502,0.0063502
1108,13468.4,0.34918,0.21524,0.77991,0.90513,0.72582,0.83929,0.73637,0.42021,0.32412,0.83372,0.0063469,0.0063469,0.0063469
1109,13480.5,0.34891,0.21481,0.78112,0.90678,0.72435,0.83918,0.73618,0.42077,0.32422,0.83392,0.0063436,0.0063436,0.0063436
1110,13492.5,0.33147,0.20989,0.77888,0.90869,0.72457,0.83985,0.73614,0.42105,0.32398,0.83386,0.0063403,0.0063403,0.0063403
1111,13504.7,0.34079,0.21512,0.7798,0.90659,0.72599,0.84048,0.73635,0.4213,0.32379,0.83391,0.006337,0.006337,0.006337
1112,13516.9,0.34133,0.20845,0.7786,0.90685,0.72635,0.8414,0.73648,0.42137,0.32321,0.83401,0.0063337,0.0063337,0.0063337
1113,13529,0.32858,0.205,0.78008,0.90858,0.72635,0.84143,0.73637,0.42098,0.32274,0.83372,0.0063304,0.0063304,0.0063304
1114,13541.1,0.35011,0.2171,0.78134,0.90817,0.72772,0.84181,0.73676,0.4212,0.32324,0.8339,0.0063271,0.0063271,0.0063271
1115,13553.2,0.33766,0.21179,0.77921,0.90449,0.72884,0.84132,0.7363,0.42114,0.32271,0.83426,0.0063238,0.0063238,0.0063238
1116,13565.2,0.34071,0.21341,0.77868,0.90273,0.72795,0.84012,0.73621,0.42125,0.32241,0.83439,0.0063205,0.0063205,0.0063205
1117,13577.3,0.33625,0.21016,0.77901,0.90599,0.72629,0.83993,0.73614,0.42114,0.3221,0.83453,0.0063172,0.0063172,0.0063172
1118,13589.4,0.33823,0.20951,0.77723,0.90638,0.72688,0.83957,0.73624,0.4212,0.32198,0.83467,0.0063139,0.0063139,0.0063139
1119,13601.5,0.33749,0.21024,0.78128,0.90598,0.72706,0.8399,0.73614,0.42048,0.32153,0.83443,0.0063106,0.0063106,0.0063106
1120,13613.8,0.33486,0.20816,0.77863,0.90279,0.72637,0.83939,0.7357,0.42053,0.32217,0.83474,0.0063073,0.0063073,0.0063073
1121,13626,0.34824,0.21755,0.78056,0.90714,0.72579,0.83863,0.73583,0.4217,0.32186,0.83581,0.006304,0.006304,0.006304
1122,13638.1,0.33441,0.20982,0.77944,0.90597,0.72635,0.83965,0.73606,0.42123,0.32217,0.83532,0.0063007,0.0063007,0.0063007
1123,13650.1,0.33458,0.21094,0.77912,0.9057,0.72688,0.83915,0.73611,0.42067,0.32243,0.83466,0.0062974,0.0062974,0.0062974
1124,13662.3,0.33842,0.21622,0.7809,0.90379,0.72799,0.83914,0.73639,0.4205,0.3223,0.83471,0.0062941,0.0062941,0.0062941
1125,13674.4,0.33261,0.20883,0.77794,0.90289,0.72719,0.8385,0.73634,0.41944,0.32276,0.83442,0.0062908,0.0062908,0.0062908
1126,13686.5,0.33652,0.20889,0.77746,0.90516,0.72607,0.83862,0.73644,0.41865,0.3224,0.83401,0.0062875,0.0062875,0.0062875
1127,13698.6,0.33734,0.20983,0.77748,0.90382,0.72688,0.83954,0.73683,0.41876,0.32329,0.83388,0.0062842,0.0062842,0.0062842
1128,13710.8,0.32801,0.20548,0.77864,0.90575,0.72671,0.83922,0.73701,0.41859,0.32289,0.8337,0.0062809,0.0062809,0.0062809
1129,13723,0.33682,0.21055,0.7794,0.90608,0.72702,0.83928,0.73698,0.41875,0.32289,0.83374,0.0062776,0.0062776,0.0062776
1130,13735.2,0.34075,0.21301,0.78023,0.90442,0.72826,0.8396,0.7376,0.41872,0.32232,0.83397,0.0062743,0.0062743,0.0062743
1131,13747.2,0.35483,0.21606,0.78032,0.90326,0.72884,0.83967,0.73777,0.41788,0.32229,0.83349,0.006271,0.006271,0.006271
1132,13759.5,0.33204,0.20696,0.7795,0.90579,0.7276,0.83953,0.73818,0.41822,0.32262,0.83373,0.0062677,0.0062677,0.0062677
1133,13771.7,0.3372,0.20718,0.77941,0.90391,0.729,0.83904,0.73789,0.41868,0.32223,0.834,0.0062644,0.0062644,0.0062644
1134,13783.7,0.33077,0.20727,0.77803,0.90368,0.73045,0.83932,0.73817,0.41863,0.32235,0.83418,0.0062611,0.0062611,0.0062611
1135,13795.8,0.32534,0.20281,0.77747,0.90491,0.72899,0.8392,0.73793,0.41819,0.32144,0.83394,0.0062578,0.0062578,0.0062578
1136,13808,0.33986,0.20906,0.77958,0.9046,0.72979,0.8397,0.73852,0.41738,0.32186,0.83348,0.0062545,0.0062545,0.0062545
1137,13820.2,0.33685,0.21073,0.78007,0.90365,0.72853,0.83913,0.73837,0.41661,0.32147,0.83327,0.0062512,0.0062512,0.0062512
1138,13832.2,0.3448,0.21035,0.77971,0.90321,0.72867,0.83938,0.73838,0.4159,0.32058,0.83326,0.0062479,0.0062479,0.0062479
1139,13844.4,0.3319,0.20656,0.782,0.90461,0.73009,0.84057,0.73856,0.41575,0.32019,0.83333,0.0062446,0.0062446,0.0062446
1140,13856.5,0.33598,0.20889,0.77868,0.90364,0.73009,0.8401,0.7385,0.41546,0.32012,0.83313,0.0062413,0.0062413,0.0062413
1141,13868.6,0.3327,0.2088,0.77967,0.90398,0.72849,0.83937,0.73862,0.4159,0.32035,0.83333,0.006238,0.006238,0.006238
1142,13880.8,0.3365,0.20836,0.77993,0.90494,0.72813,0.8398,0.73847,0.41573,0.32029,0.83325,0.0062347,0.0062347,0.0062347
1143,13893,0.33791,0.20742,0.77987,0.90742,0.72688,0.83952,0.73841,0.41526,0.31979,0.83299,0.0062314,0.0062314,0.0062314
1144,13905,0.33387,0.20699,0.7791,0.90748,0.7276,0.83967,0.73891,0.4149,0.31978,0.83312,0.0062281,0.0062281,0.0062281
1145,13917.2,0.3313,0.21022,0.77724,0.90743,0.72706,0.84045,0.73887,0.41468,0.32012,0.83301,0.0062248,0.0062248,0.0062248
1146,13929.3,0.32479,0.20681,0.77979,0.90654,0.72752,0.84012,0.73829,0.4138,0.31948,0.83202,0.0062215,0.0062215,0.0062215
1147,13941.3,0.33866,0.20834,0.78071,0.90728,0.72699,0.84036,0.73865,0.41393,0.31948,0.83237,0.0062182,0.0062182,0.0062182
1148,13953.5,0.33136,0.20993,0.78092,0.90703,0.72884,0.84073,0.73836,0.41418,0.31846,0.83218,0.0062149,0.0062149,0.0062149
1149,13965.6,0.35346,0.21586,0.77993,0.90624,0.72831,0.84066,0.73853,0.41457,0.31881,0.83214,0.0062116,0.0062116,0.0062116
1150,13978.1,0.32874,0.20684,0.77765,0.90555,0.72768,0.83999,0.73911,0.41437,0.31863,0.83236,0.0062083,0.0062083,0.0062083
1151,13990.3,0.33117,0.20502,0.7789,0.90747,0.72777,0.84039,0.73983,0.41374,0.3189,0.83221,0.006205,0.006205,0.006205
1152,14002.7,0.33565,0.20679,0.77813,0.90562,0.72849,0.84088,0.73998,0.41404,0.31892,0.83218,0.0062017,0.0062017,0.0062017
1153,14015.3,0.34078,0.21186,0.78012,0.90811,0.7289,0.8416,0.74043,0.41402,0.31814,0.83225,0.0061984,0.0061984,0.0061984
1154,14027.8,0.33092,0.20799,0.77783,0.90944,0.72867,0.84166,0.74048,0.41426,0.31862,0.83234,0.0061951,0.0061951,0.0061951
1155,14040.5,0.32747,0.20682,0.77928,0.90949,0.72862,0.84202,0.7411,0.41401,0.31862,0.83229,0.0061918,0.0061918,0.0061918
1156,14053.4,0.3365,0.20979,0.77854,0.90813,0.72884,0.84209,0.74117,0.4142,0.31867,0.83242,0.0061885,0.0061885,0.0061885
1157,14066.4,0.34244,0.21065,0.77946,0.90838,0.72948,0.8418,0.74077,0.41407,0.31813,0.83213,0.0061852,0.0061852,0.0061852
1158,14079.3,0.33264,0.20858,0.77943,0.90926,0.72902,0.84174,0.74008,0.41494,0.31861,0.83279,0.0061819,0.0061819,0.0061819
1159,14091.7,0.33772,0.21045,0.7804,0.90989,0.72884,0.84219,0.74027,0.41458,0.31955,0.83295,0.0061786,0.0061786,0.0061786
1160,14104.3,0.33674,0.20786,0.77993,0.9094,0.72867,0.84262,0.7406,0.41456,0.31986,0.83269,0.0061753,0.0061753,0.0061753
1161,14117,0.33334,0.20775,0.77985,0.90832,0.72813,0.84173,0.73981,0.41479,0.3204,0.83265,0.006172,0.006172,0.006172
1162,14129.3,0.33627,0.20962,0.77902,0.9092,0.72849,0.8427,0.74031,0.41452,0.3209,0.83238,0.0061687,0.0061687,0.0061687
1163,14141.8,0.34625,0.21329,0.77852,0.90903,0.72831,0.84295,0.74,0.41445,0.32087,0.83228,0.0061654,0.0061654,0.0061654
1164,14154.6,0.33882,0.20987,0.77944,0.90814,0.72917,0.84311,0.73978,0.4138,0.32023,0.8329,0.0061621,0.0061621,0.0061621
1165,14167,0.33901,0.20832,0.7799,0.90561,0.72988,0.84326,0.74005,0.41389,0.32027,0.83295,0.0061588,0.0061588,0.0061588
1166,14179.6,0.34407,0.21327,0.78215,0.90746,0.73027,0.84362,0.73984,0.41358,0.32041,0.83254,0.0061555,0.0061555,0.0061555
1167,14191.9,0.32663,0.20494,0.77813,0.90887,0.73027,0.84329,0.74033,0.41307,0.32074,0.83216,0.0061522,0.0061522,0.0061522
1168,14204.4,0.34652,0.21301,0.7794,0.90849,0.73152,0.84364,0.73995,0.41284,0.32106,0.83232,0.0061489,0.0061489,0.0061489
1169,14216.8,0.32695,0.20591,0.77914,0.9059,0.73241,0.84381,0.74001,0.41285,0.32159,0.83249,0.0061456,0.0061456,0.0061456
1170,14229.7,0.33324,0.21277,0.7796,0.90584,0.73182,0.84396,0.74017,0.41404,0.32123,0.83324,0.0061423,0.0061423,0.0061423
1171,14242.3,0.33103,0.20543,0.7806,0.90493,0.73205,0.84364,0.7404,0.41434,0.32224,0.83339,0.006139,0.006139,0.006139
1172,14254.8,0.33157,0.20636,0.77996,0.90426,0.73259,0.84407,0.74029,0.41433,0.32343,0.83347,0.0061357,0.0061357,0.0061357
1173,14267.1,0.34186,0.21233,0.78058,0.90158,0.73113,0.84248,0.73993,0.41506,0.32265,0.83383,0.0061324,0.0061324,0.0061324
1174,14279.5,0.32906,0.2052,0.77767,0.90207,0.73134,0.84289,0.74011,0.41455,0.32281,0.83323,0.0061291,0.0061291,0.0061291
1175,14292,0.33085,0.20801,0.77867,0.90206,0.73134,0.84253,0.73959,0.41416,0.32221,0.83328,0.0061258,0.0061258,0.0061258
1176,14304.7,0.33836,0.20994,0.78071,0.90235,0.73098,0.84314,0.73998,0.41403,0.32224,0.83363,0.0061225,0.0061225,0.0061225
1177,14317.1,0.34277,0.21465,0.77933,0.90298,0.72973,0.84238,0.74002,0.41391,0.32134,0.83365,0.0061192,0.0061192,0.0061192
1178,14329.7,0.32875,0.20574,0.77786,0.90773,0.72739,0.84244,0.74007,0.41482,0.32133,0.83404,0.0061159,0.0061159,0.0061159
1179,14342,0.34133,0.21182,0.77739,0.90971,0.72635,0.84261,0.73991,0.41531,0.32149,0.83429,0.0061126,0.0061126,0.0061126
1180,14354.4,0.34098,0.21216,0.78039,0.90997,0.72752,0.84228,0.73962,0.41502,0.32088,0.8343,0.0061093,0.0061093,0.0061093
1181,14366.9,0.33345,0.20775,0.77845,0.9104,0.72768,0.84259,0.74,0.41476,0.31955,0.83458,0.006106,0.006106,0.006106
1182,14379.2,0.33396,0.20568,0.77902,0.91027,0.72742,0.84123,0.73959,0.41494,0.31946,0.83455,0.0061027,0.0061027,0.0061027
1183,14391.8,0.33006,0.20612,0.77869,0.91006,0.72832,0.84215,0.73988,0.4145,0.31949,0.83404,0.0060994,0.0060994,0.0060994
1184,14404,0.32627,0.20456,0.77809,0.90702,0.72902,0.84127,0.73963,0.41416,0.3186,0.83395,0.0060961,0.0060961,0.0060961
1185,14416.8,0.33211,0.20951,0.78019,0.90808,0.72813,0.84095,0.73923,0.41415,0.3187,0.83412,0.0060928,0.0060928,0.0060928
1186,14429.2,0.34166,0.21026,0.77977,0.90842,0.72984,0.84169,0.73971,0.41373,0.31907,0.83414,0.0060895,0.0060895,0.0060895
1187,14441.7,0.32888,0.20563,0.77952,0.90681,0.73009,0.84137,0.73925,0.41424,0.31909,0.83435,0.0060862,0.0060862,0.0060862
1188,14453.9,0.32909,0.20761,0.77752,0.9076,0.72972,0.8417,0.73942,0.41428,0.31905,0.83447,0.0060829,0.0060829,0.0060829
1189,14466.3,0.34372,0.21047,0.77932,0.90887,0.73024,0.84244,0.73995,0.41411,0.31916,0.83448,0.0060796,0.0060796,0.0060796
1190,14479,0.33584,0.2101,0.77956,0.90845,0.73016,0.84221,0.74001,0.41376,0.31935,0.83399,0.0060763,0.0060763,0.0060763
1191,14491.4,0.32713,0.20554,0.77729,0.90804,0.7283,0.84136,0.73932,0.41333,0.31917,0.83386,0.006073,0.006073,0.006073
1192,14504,0.33053,0.20713,0.77779,0.90615,0.72761,0.84163,0.73959,0.41404,0.31992,0.83428,0.0060697,0.0060697,0.0060697
1193,14516.4,0.33353,0.20602,0.77959,0.90649,0.72885,0.84191,0.74004,0.41314,0.31914,0.83396,0.0060664,0.0060664,0.0060664
1194,14528.8,0.32535,0.20422,0.77898,0.90661,0.72816,0.84198,0.73986,0.41353,0.31976,0.8339,0.0060631,0.0060631,0.0060631
1195,14541.3,0.33252,0.20483,0.77807,0.90656,0.72902,0.84233,0.74026,0.41385,0.31935,0.83423,0.0060598,0.0060598,0.0060598
1196,14553.9,0.33281,0.20634,0.77825,0.89969,0.73205,0.84202,0.74003,0.41341,0.31964,0.83365,0.0060565,0.0060565,0.0060565
1197,14566.5,0.32939,0.20852,0.77757,0.90609,0.72973,0.84274,0.74022,0.41272,0.31973,0.83306,0.0060532,0.0060532,0.0060532
1198,14579.4,0.33613,0.20677,0.77982,0.90756,0.72831,0.84287,0.74039,0.4119,0.31932,0.83266,0.0060499,0.0060499,0.0060499
1199,14591.9,0.33864,0.20763,0.7788,0.90537,0.72777,0.8418,0.73989,0.41236,0.32008,0.83259,0.0060466,0.0060466,0.0060466
1200,14604.2,0.33293,0.21147,0.77845,0.90605,0.72813,0.84225,0.74012,0.4123,0.31961,0.8323,0.0060433,0.0060433,0.0060433
1201,14616.6,0.33065,0.20545,0.77872,0.90589,0.72713,0.84164,0.74043,0.41235,0.31965,0.83234,0.00604,0.00604,0.00604
1202,14628.8,0.33913,0.20742,0.77868,0.89985,0.7308,0.84187,0.74024,0.41204,0.31975,0.83224,0.0060367,0.0060367,0.0060367
1203,14641.3,0.329,0.20383,0.77739,0.89826,0.73027,0.84154,0.74015,0.412,0.32053,0.83231,0.0060334,0.0060334,0.0060334
1204,14653.9,0.32594,0.20398,0.77642,0.90667,0.72671,0.84186,0.74032,0.41206,0.32007,0.83215,0.0060301,0.0060301,0.0060301
1205,14666.6,0.33191,0.2072,0.77995,0.9012,0.7308,0.8416,0.73977,0.41193,0.3211,0.83223,0.0060268,0.0060268,0.0060268
1206,14679.2,0.33142,0.20702,0.77795,0.90626,0.72724,0.84154,0.73982,0.41175,0.32224,0.83212,0.0060235,0.0060235,0.0060235
1207,14691.5,0.32308,0.20217,0.77794,0.90628,0.72795,0.84122,0.73995,0.41147,0.32199,0.83181,0.0060202,0.0060202,0.0060202
1208,14703.7,0.33676,0.20881,0.77957,0.89997,0.73027,0.84062,0.73965,0.41158,0.32174,0.83173,0.0060169,0.0060169,0.0060169
1209,14716,0.33242,0.20982,0.7779,0.89974,0.7308,0.84044,0.73942,0.4126,0.32153,0.83289,0.0060136,0.0060136,0.0060136
1210,14728.6,0.3346,0.20554,0.77973,0.8993,0.73189,0.84054,0.73961,0.41206,0.32107,0.83264,0.0060103,0.0060103,0.0060103
1211,14741.2,0.33491,0.20769,0.77922,0.89901,0.73115,0.84042,0.73962,0.41226,0.32186,0.83256,0.006007,0.006007,0.006007
1212,14753.8,0.33258,0.20505,0.77845,0.8987,0.73179,0.84105,0.73989,0.41108,0.32166,0.83201,0.0060037,0.0060037,0.0060037
1213,14766,0.3292,0.20559,0.77864,0.89901,0.73294,0.84122,0.74004,0.41111,0.3224,0.83163,0.0060004,0.0060004,0.0060004
1214,14778.6,0.32796,0.20366,0.77731,0.9003,0.73241,0.84117,0.74001,0.41118,0.32239,0.83167,0.0059971,0.0059971,0.0059971
1215,14791.1,0.33144,0.20841,0.77997,0.89958,0.73187,0.84121,0.74006,0.41078,0.32231,0.83155,0.0059938,0.0059938,0.0059938
1216,14803.8,0.3223,0.20441,0.77971,0.90077,0.73312,0.84207,0.74053,0.41065,0.32225,0.83185,0.0059905,0.0059905,0.0059905
1217,14816.5,0.33673,0.21006,0.77889,0.90244,0.73337,0.84235,0.74052,0.41043,0.32242,0.83182,0.0059872,0.0059872,0.0059872
1218,14829,0.33251,0.20584,0.77594,0.90059,0.7349,0.84187,0.74007,0.41133,0.32296,0.83195,0.0059839,0.0059839,0.0059839
1219,14841.7,0.32464,0.20439,0.77833,0.90298,0.73259,0.84161,0.73997,0.41128,0.32274,0.83219,0.0059806,0.0059806,0.0059806
1220,14854.4,0.33443,0.20838,0.77916,0.90556,0.7329,0.8421,0.73998,0.41146,0.32264,0.83212,0.0059773,0.0059773,0.0059773
1221,14866.8,0.34049,0.20765,0.77996,0.90604,0.7333,0.84261,0.74048,0.41165,0.32237,0.83246,0.005974,0.005974,0.005974
1222,14879.4,0.32904,0.20732,0.77902,0.90698,0.73365,0.84274,0.74041,0.41172,0.32233,0.83249,0.0059707,0.0059707,0.0059707
1223,14891.8,0.31609,0.19844,0.77768,0.90615,0.73453,0.84247,0.74034,0.41237,0.32205,0.83258,0.0059674,0.0059674,0.0059674
1224,14904.1,0.33372,0.20844,0.77835,0.90588,0.73383,0.84183,0.74022,0.4133,0.32191,0.83344,0.0059641,0.0059641,0.0059641
1225,14916.4,0.32605,0.20463,0.77981,0.90371,0.73405,0.84106,0.73985,0.41245,0.32147,0.83299,0.0059608,0.0059608,0.0059608
1226,14928.8,0.3343,0.20753,0.77863,0.90586,0.73377,0.84143,0.74008,0.41247,0.32083,0.83319,0.0059575,0.0059575,0.0059575
1227,14941.2,0.33094,0.2088,0.77804,0.90477,0.73259,0.84086,0.7399,0.41194,0.32021,0.83286,0.0059542,0.0059542,0.0059542
1228,14953.8,0.32609,0.20938,0.77933,0.9046,0.7333,0.8414,0.74027,0.41179,0.32057,0.83296,0.0059509,0.0059509,0.0059509
1229,14966.3,0.3362,0.20836,0.7772,0.89973,0.73535,0.84116,0.73984,0.41203,0.32057,0.83297,0.0059476,0.0059476,0.0059476
1230,14978.6,0.33466,0.20944,0.78008,0.89868,0.73638,0.84166,0.73977,0.41273,0.32046,0.83341,0.0059443,0.0059443,0.0059443
1231,14991.2,0.32381,0.20431,0.77614,0.89914,0.73597,0.84123,0.7398,0.41295,0.32035,0.83349,0.005941,0.005941,0.005941
1232,15003.7,0.32808,0.20677,0.77878,0.90111,0.73561,0.84158,0.74029,0.41291,0.32099,0.83322,0.0059377,0.0059377,0.0059377
1233,15016.1,0.32194,0.20438,0.77931,0.90028,0.73502,0.84151,0.73964,0.41307,0.32079,0.83317,0.0059344,0.0059344,0.0059344
1234,15028.9,0.3306,0.20842,0.77861,0.89961,0.73454,0.84111,0.73954,0.41294,0.32002,0.83319,0.0059311,0.0059311,0.0059311
1235,15041.6,0.33444,0.20784,0.78053,0.89638,0.73526,0.84054,0.73962,0.41308,0.32051,0.83315,0.0059278,0.0059278,0.0059278
1236,15054.3,0.34312,0.20966,0.77999,0.89532,0.73596,0.8407,0.73966,0.41329,0.32114,0.83336,0.0059245,0.0059245,0.0059245
1237,15066.8,0.34133,0.21253,0.77851,0.89622,0.73472,0.84077,0.73988,0.41304,0.32197,0.83345,0.0059212,0.0059212,0.0059212
1238,15079.3,0.31658,0.20199,0.77746,0.89767,0.73612,0.84147,0.74031,0.41307,0.32163,0.83378,0.0059179,0.0059179,0.0059179
1239,15091.5,0.3292,0.20591,0.78078,0.89583,0.73695,0.84152,0.73996,0.41283,0.32203,0.8335,0.0059146,0.0059146,0.0059146
1240,15104,0.32988,0.2068,0.78042,0.89596,0.73644,0.84167,0.74004,0.41332,0.3219,0.83415,0.0059113,0.0059113,0.0059113
1241,15116.5,0.31699,0.19878,0.77753,0.89416,0.73704,0.84158,0.7397,0.41289,0.32249,0.83315,0.005908,0.005908,0.005908
1242,15128.5,0.32322,0.20124,0.77988,0.89616,0.73704,0.84223,0.73992,0.4123,0.32247,0.83292,0.0059047,0.0059047,0.0059047
1243,15140.9,0.3308,0.20733,0.77689,0.89685,0.73582,0.84222,0.73996,0.41246,0.32314,0.83296,0.0059014,0.0059014,0.0059014
1244,15153.3,0.32064,0.20572,0.77713,0.89804,0.73561,0.84245,0.7403,0.4123,0.32293,0.83274,0.0058981,0.0058981,0.0058981
1245,15165.8,0.3254,0.20155,0.77673,0.90051,0.73579,0.84287,0.74083,0.41275,0.32315,0.83328,0.0058948,0.0058948,0.0058948
1246,15178.3,0.32741,0.20342,0.77757,0.89957,0.7365,0.84263,0.74071,0.41335,0.32321,0.83376,0.0058915,0.0058915,0.0058915
1247,15190.8,0.3348,0.20864,0.77975,0.90074,0.7374,0.84282,0.74052,0.41335,0.32208,0.83383,0.0058882,0.0058882,0.0058882
1248,15203.5,0.32106,0.20516,0.77809,0.90175,0.73746,0.84285,0.74053,0.41404,0.32251,0.83437,0.0058849,0.0058849,0.0058849
1249,15216.2,0.33712,0.20573,0.77849,0.9011,0.7374,0.84277,0.74054,0.41386,0.32264,0.83446,0.0058816,0.0058816,0.0058816
1250,15228.5,0.31927,0.19863,0.77636,0.90145,0.73775,0.84336,0.74032,0.41345,0.32213,0.83422,0.0058783,0.0058783,0.0058783
1251,15241.2,0.34138,0.20588,0.77758,0.9012,0.73668,0.84306,0.74031,0.41325,0.32246,0.83409,0.005875,0.005875,0.005875
1252,15254,0.33575,0.20881,0.7797,0.90167,0.73508,0.84235,0.74055,0.41357,0.32338,0.83456,0.0058717,0.0058717,0.0058717
1253,15266.6,0.33314,0.20594,0.77754,0.90191,0.73615,0.84289,0.74106,0.41315,0.32344,0.83422,0.0058684,0.0058684,0.0058684
1254,15279,0.31929,0.20034,0.77793,0.9004,0.73615,0.84253,0.74143,0.41306,0.3238,0.83416,0.0058651,0.0058651,0.0058651
1255,15291.6,0.32239,0.20164,0.77829,0.89946,0.73561,0.84203,0.74146,0.41331,0.32452,0.83419,0.0058618,0.0058618,0.0058618
1256,15304.1,0.32758,0.20595,0.77866,0.90121,0.73621,0.84276,0.742,0.41241,0.32424,0.83355,0.0058585,0.0058585,0.0058585
1257,15316.8,0.3191,0.2005,0.77832,0.90188,0.73689,0.84319,0.74232,0.41259,0.32413,0.83372,0.0058552,0.0058552,0.0058552
1258,15329.3,0.32459,0.20116,0.77693,0.90192,0.73633,0.84276,0.74215,0.41291,0.32425,0.83402,0.0058519,0.0058519,0.0058519
1259,15341.7,0.32758,0.20483,0.77746,0.90131,0.73597,0.84208,0.74176,0.41239,0.32422,0.83362,0.0058486,0.0058486,0.0058486
1260,15354.4,0.33096,0.20381,0.77742,0.90216,0.73593,0.8422,0.74199,0.41237,0.32491,0.83364,0.0058453,0.0058453,0.0058453
1261,15367.1,0.33159,0.22039,0.77911,0.89965,0.73579,0.84215,0.74155,0.41304,0.32592,0.83427,0.005842,0.005842,0.005842
1262,15379.6,0.32477,0.20591,0.78039,0.9001,0.73454,0.84221,0.7414,0.41299,0.32645,0.83429,0.0058387,0.0058387,0.0058387
1263,15392,0.3274,0.20584,0.77949,0.90082,0.73454,0.8426,0.7419,0.41271,0.32701,0.83419,0.0058354,0.0058354,0.0058354
1264,15404.6,0.33283,0.20837,0.77898,0.90029,0.73419,0.84238,0.74176,0.41215,0.32746,0.83401,0.0058321,0.0058321,0.0058321
1265,15417.1,0.33348,0.20688,0.77914,0.90104,0.73318,0.84226,0.74168,0.4121,0.32725,0.83404,0.0058288,0.0058288,0.0058288
1266,15429.7,0.33427,0.20727,0.77738,0.89861,0.73383,0.8414,0.74129,0.41195,0.32686,0.83401,0.0058255,0.0058255,0.0058255
1267,15442.3,0.33125,0.20746,0.77893,0.90055,0.73259,0.84142,0.74161,0.41131,0.32646,0.83375,0.0058222,0.0058222,0.0058222
1268,15454.8,0.33443,0.2071,0.77712,0.90031,0.73437,0.84252,0.7418,0.41174,0.32697,0.83378,0.0058189,0.0058189,0.0058189
1269,15467.3,0.33494,0.20671,0.7794,0.90232,0.73397,0.84263,0.74193,0.41212,0.32689,0.8344,0.0058156,0.0058156,0.0058156
1270,15479.8,0.33614,0.20518,0.77934,0.90198,0.73442,0.84294,0.74205,0.41178,0.3261,0.83398,0.0058123,0.0058123,0.0058123
1271,15492.4,0.32897,0.20321,0.77693,0.90267,0.73524,0.84344,0.74228,0.4115,0.32591,0.8339,0.005809,0.005809,0.005809
1272,15504.8,0.32768,0.20368,0.77677,0.89972,0.73561,0.84254,0.74225,0.41113,0.32603,0.83381,0.0058057,0.0058057,0.0058057
1273,15517.4,0.32466,0.20418,0.77858,0.90051,0.73615,0.84289,0.74221,0.41142,0.3259,0.83388,0.0058024,0.0058024,0.0058024
1274,15530,0.32693,0.20409,0.77918,0.90102,0.73632,0.84298,0.74264,0.41153,0.32568,0.83412,0.0057991,0.0057991,0.0057991
1275,15542.7,0.32303,0.20085,0.77769,0.90131,0.73561,0.84326,0.74278,0.41176,0.32587,0.83418,0.0057958,0.0057958,0.0057958
1276,15555.4,0.3327,0.20686,0.77727,0.90058,0.73633,0.84328,0.74311,0.41216,0.3259,0.83461,0.0057925,0.0057925,0.0057925
1277,15567.8,0.32639,0.20387,0.77841,0.90008,0.73822,0.84331,0.74304,0.4114,0.3257,0.83417,0.0057892,0.0057892,0.0057892
1278,15580.4,0.34171,0.21064,0.77884,0.9004,0.73768,0.84381,0.74364,0.41173,0.32535,0.8341,0.0057859,0.0057859,0.0057859
1279,15593,0.32901,0.20639,0.77766,0.8994,0.73793,0.84367,0.74395,0.41127,0.32545,0.83374,0.0057826,0.0057826,0.0057826
1280,15605.5,0.32575,0.20494,0.77792,0.90047,0.73658,0.84332,0.74349,0.41099,0.32496,0.83359,0.0057793,0.0057793,0.0057793
1281,15617.9,0.32325,0.20218,0.77914,0.90006,0.73633,0.84306,0.74356,0.41068,0.32518,0.83345,0.005776,0.005776,0.005776
1282,15630.4,0.32637,0.20328,0.77915,0.90076,0.73577,0.8428,0.74376,0.41113,0.32547,0.83385,0.0057727,0.0057727,0.0057727
1283,15642.8,0.32171,0.20015,0.77773,0.90093,0.73597,0.84297,0.74382,0.41034,0.32545,0.83322,0.0057694,0.0057694,0.0057694
1284,15655.1,0.32926,0.20366,0.77974,0.89982,0.7365,0.84283,0.7438,0.40963,0.32593,0.83284,0.0057661,0.0057661,0.0057661
1285,15667.7,0.32569,0.2027,0.77707,0.89987,0.73652,0.84255,0.74355,0.40994,0.32595,0.83295,0.0057628,0.0057628,0.0057628
1286,15680.3,0.32075,0.20207,0.77642,0.90092,0.73472,0.84183,0.7434,0.41012,0.32626,0.83297,0.0057595,0.0057595,0.0057595
1287,15692.7,0.31768,0.20089,0.77721,0.89904,0.73383,0.84129,0.74297,0.41023,0.32609,0.833,0.0057562,0.0057562,0.0057562
1288,15705,0.32721,0.20203,0.77845,0.90046,0.7349,0.84189,0.74339,0.41033,0.32587,0.83311,0.0057529,0.0057529,0.0057529
1289,15717.3,0.33254,0.20689,0.77956,0.89834,0.73472,0.84153,0.7431,0.41044,0.32598,0.83311,0.0057496,0.0057496,0.0057496
1290,15729.5,0.32517,0.20842,0.78221,0.89637,0.73503,0.84117,0.74314,0.41012,0.32645,0.83284,0.0057463,0.0057463,0.0057463
1291,15741.7,0.32902,0.20431,0.77819,0.89477,0.73579,0.84127,0.74346,0.40984,0.32664,0.83264,0.005743,0.005743,0.005743
1292,15753.9,0.31422,0.19951,0.77685,0.89565,0.73615,0.84139,0.74314,0.41012,0.32677,0.83272,0.0057397,0.0057397,0.0057397
1293,15766.2,0.32218,0.20392,0.77695,0.90011,0.7333,0.84163,0.74339,0.4101,0.32615,0.83282,0.0057364,0.0057364,0.0057364
1294,15778.5,0.32385,0.20576,0.77694,0.89601,0.73704,0.84205,0.74332,0.41007,0.32594,0.83306,0.0057331,0.0057331,0.0057331
1295,15790.7,0.31954,0.19954,0.77864,0.89586,0.7365,0.84165,0.74326,0.41004,0.32619,0.8331,0.0057298,0.0057298,0.0057298
1296,15803,0.33497,0.20725,0.77811,0.89525,0.7365,0.84193,0.74306,0.41007,0.32626,0.83295,0.0057265,0.0057265,0.0057265
1297,15815.4,0.32583,0.20184,0.77863,0.89282,0.73829,0.84259,0.74354,0.41046,0.32595,0.83331,0.0057232,0.0057232,0.0057232
1298,15827.7,0.31673,0.20165,0.77699,0.89388,0.73971,0.84342,0.74378,0.41015,0.32568,0.83306,0.0057199,0.0057199,0.0057199
1299,15839.9,0.32221,0.20192,0.77905,0.89748,0.73811,0.84343,0.74398,0.41016,0.32524,0.83333,0.0057166,0.0057166,0.0057166
1300,15852.2,0.33192,0.20506,0.77724,0.89238,0.73866,0.8423,0.74369,0.41026,0.32531,0.83322,0.0057133,0.0057133,0.0057133
1301,15864.3,0.32564,0.20283,0.77729,0.89138,0.73982,0.84194,0.74338,0.40987,0.32546,0.83307,0.00571,0.00571,0.00571
1302,15876.6,0.32825,0.20262,0.77619,0.89165,0.73989,0.84199,0.7434,0.41039,0.32574,0.83305,0.0057067,0.0057067,0.0057067
1303,15888.9,0.31649,0.19906,0.77782,0.89249,0.73804,0.84174,0.74354,0.41052,0.32562,0.83295,0.0057034,0.0057034,0.0057034
1304,15901.2,0.32409,0.20131,0.77577,0.89361,0.73626,0.84152,0.74381,0.40998,0.32555,0.83243,0.0057001,0.0057001,0.0057001
1305,15913.4,0.31568,0.19917,0.7788,0.89281,0.73615,0.8414,0.74375,0.40979,0.32506,0.8325,0.0056968,0.0056968,0.0056968
1306,15925.6,0.31741,0.19717,0.77675,0.90172,0.73063,0.84177,0.74401,0.41003,0.32484,0.83271,0.0056935,0.0056935,0.0056935
1307,15938,0.33261,0.208,0.78054,0.90308,0.73041,0.84194,0.74405,0.40912,0.32414,0.83201,0.0056902,0.0056902,0.0056902
1308,15950.3,0.31655,0.20196,0.77853,0.90295,0.73098,0.84228,0.74446,0.40936,0.32398,0.83231,0.0056869,0.0056869,0.0056869
1309,15962.7,0.31375,0.19784,0.77857,0.90279,0.73134,0.84222,0.74439,0.40943,0.32398,0.83227,0.0056836,0.0056836,0.0056836
1310,15974.9,0.32263,0.19994,0.77635,0.89702,0.73526,0.84226,0.74424,0.40986,0.32346,0.83238,0.0056803,0.0056803,0.0056803
1311,15987.2,0.32381,0.20137,0.7793,0.89804,0.73615,0.84278,0.74439,0.40929,0.32348,0.83219,0.005677,0.005677,0.005677
1312,15999.4,0.32327,0.20033,0.7775,0.90378,0.73128,0.84246,0.74413,0.40948,0.32313,0.83264,0.0056737,0.0056737,0.0056737
1313,16011.7,0.32618,0.20023,0.77613,0.90348,0.73116,0.84239,0.74395,0.4095,0.32279,0.83242,0.0056704,0.0056704,0.0056704
1314,16023.9,0.31753,0.19877,0.77991,0.90392,0.73134,0.8423,0.74399,0.40992,0.32306,0.83232,0.0056671,0.0056671,0.0056671
1315,16036.1,0.3207,0.20049,0.77553,0.90494,0.73063,0.84241,0.74433,0.40933,0.32284,0.83213,0.0056638,0.0056638,0.0056638
1316,16048.5,0.33897,0.20968,0.77779,0.90526,0.73098,0.84303,0.74424,0.40924,0.3228,0.83218,0.0056605,0.0056605,0.0056605
1317,16060.8,0.31828,0.20027,0.77781,0.90186,0.73343,0.84321,0.74447,0.40932,0.32225,0.8321,0.0056572,0.0056572,0.0056572
1318,16073.1,0.3322,0.20497,0.77629,0.90461,0.73134,0.84265,0.74405,0.40876,0.32246,0.83215,0.0056539,0.0056539,0.0056539
1319,16085.2,0.31428,0.20011,0.77782,0.90532,0.73187,0.84299,0.74439,0.40896,0.32261,0.83213,0.0056506,0.0056506,0.0056506
1320,16097.3,0.31179,0.19739,0.77612,0.90386,0.73192,0.84258,0.74431,0.40809,0.32251,0.83202,0.0056473,0.0056473,0.0056473
1321,16109.4,0.31662,0.19994,0.77604,0.90527,0.73187,0.84266,0.74445,0.40836,0.32235,0.83216,0.005644,0.005644,0.005644
1322,16121.8,0.32829,0.20192,0.77847,0.90653,0.73152,0.84304,0.74418,0.40868,0.32211,0.83216,0.0056407,0.0056407,0.0056407
1323,16134.1,0.31955,0.19894,0.77845,0.90687,0.73009,0.84285,0.74417,0.40845,0.32192,0.83206,0.0056374,0.0056374,0.0056374
1324,16146.2,0.32987,0.20814,0.78034,0.90515,0.73223,0.8432,0.74443,0.4087,0.3219,0.8321,0.0056341,0.0056341,0.0056341
1325,16158.5,0.3246,0.20124,0.7752,0.90615,0.73105,0.84351,0.74442,0.40899,0.32181,0.83213,0.0056308,0.0056308,0.0056308
1326,16170.7,0.3224,0.20272,0.77733,0.90624,0.73015,0.84328,0.74458,0.40913,0.32195,0.83228,0.0056275,0.0056275,0.0056275
1327,16182.9,0.3215,0.20274,0.77732,0.90698,0.73132,0.8434,0.74456,0.40974,0.32144,0.83278,0.0056242,0.0056242,0.0056242
1328,16195.1,0.31563,0.1996,0.77744,0.90678,0.73169,0.84352,0.74442,0.40961,0.32113,0.83259,0.0056209,0.0056209,0.0056209
1329,16207.4,0.31655,0.19743,0.77661,0.90833,0.73045,0.84332,0.74413,0.40915,0.32108,0.83274,0.0056176,0.0056176,0.0056176
1330,16219.6,0.31703,0.19795,0.77869,0.90588,0.73348,0.84386,0.74468,0.40859,0.32139,0.83219,0.0056143,0.0056143,0.0056143
1331,16231.9,0.32224,0.20132,0.77769,0.90628,0.73348,0.84407,0.74459,0.40743,0.32069,0.83178,0.005611,0.005611,0.005611
1332,16244.1,0.31044,0.19554,0.777,0.90614,0.7333,0.84395,0.74483,0.40778,0.32069,0.8319,0.0056077,0.0056077,0.0056077
1333,16256.3,0.32817,0.20477,0.7778,0.90652,0.73258,0.84403,0.74538,0.40753,0.32043,0.83238,0.0056044,0.0056044,0.0056044
1334,16268.7,0.32149,0.20111,0.77608,0.90606,0.73205,0.84354,0.7454,0.40803,0.32019,0.83268,0.0056011,0.0056011,0.0056011
1335,16280.9,0.32114,0.20277,0.77996,0.90764,0.73152,0.84397,0.74536,0.40775,0.31949,0.83267,0.0055978,0.0055978,0.0055978
1336,16293.2,0.32725,0.20456,0.77697,0.90887,0.73205,0.84453,0.74565,0.40775,0.31949,0.83263,0.0055945,0.0055945,0.0055945
1337,16305.5,0.32821,0.2034,0.77865,0.90869,0.73223,0.84469,0.74568,0.40788,0.3205,0.83248,0.0055912,0.0055912,0.0055912
1338,16317.7,0.32077,0.20302,0.77795,0.90863,0.73169,0.84409,0.74562,0.40765,0.31987,0.83226,0.0055879,0.0055879,0.0055879
1339,16329.9,0.319,0.20064,0.77661,0.90421,0.73494,0.84373,0.74536,0.40784,0.3208,0.83235,0.0055846,0.0055846,0.0055846
1340,16342.2,0.31365,0.19745,0.7754,0.9097,0.73205,0.8439,0.7455,0.40746,0.32034,0.83202,0.0055813,0.0055813,0.0055813
1341,16354.3,0.32674,0.20324,0.77807,0.90513,0.73526,0.84343,0.74527,0.40712,0.32038,0.83186,0.005578,0.005578,0.005578
1342,16366.5,0.32071,0.20032,0.7776,0.90826,0.73203,0.84299,0.74542,0.40686,0.32013,0.83193,0.0055747,0.0055747,0.0055747
1343,16378.7,0.31747,0.20096,0.77551,0.90353,0.7349,0.84281,0.74532,0.40678,0.31962,0.83231,0.0055714,0.0055714,0.0055714
1344,16390.7,0.31943,0.20067,0.77853,0.90371,0.73567,0.84313,0.74496,0.40611,0.31959,0.83147,0.0055681,0.0055681,0.0055681
1345,16402.9,0.31924,0.20011,0.77558,0.90347,0.73615,0.84327,0.74534,0.40599,0.31873,0.83136,0.0055648,0.0055648,0.0055648
1346,16415.1,0.31307,0.19791,0.77771,0.90391,0.73668,0.8438,0.74548,0.40538,0.319,0.83095,0.0055615,0.0055615,0.0055615
1347,16427.2,0.31177,0.19819,0.77812,0.90388,0.73668,0.84389,0.74583,0.4055,0.31872,0.83112,0.0055582,0.0055582,0.0055582
1348,16439.4,0.30708,0.19448,0.77489,0.90392,0.7365,0.84371,0.74546,0.40553,0.31823,0.83096,0.0055549,0.0055549,0.0055549
1349,16451.4,0.32394,0.20399,0.77801,0.90315,0.73561,0.843,0.74526,0.40555,0.31821,0.83097,0.0055516,0.0055516,0.0055516
1350,16463.6,0.32863,0.20348,0.78169,0.90351,0.73615,0.84338,0.74562,0.40536,0.31812,0.83086,0.0055483,0.0055483,0.0055483
1351,16475.7,0.3263,0.20232,0.7762,0.90423,0.73597,0.84297,0.74561,0.4051,0.31694,0.83077,0.005545,0.005545,0.005545
1352,16487.8,0.31837,0.20086,0.77793,0.90205,0.73544,0.84246,0.74564,0.40518,0.31751,0.83087,0.0055417,0.0055417,0.0055417
1353,16499.8,0.3063,0.19526,0.77662,0.90197,0.73508,0.84262,0.74578,0.40532,0.31717,0.83089,0.0055384,0.0055384,0.0055384
1354,16511.9,0.32708,0.19979,0.77882,0.9019,0.73561,0.84263,0.74598,0.40538,0.31691,0.8309,0.0055351,0.0055351,0.0055351
1355,16524,0.31334,0.19468,0.77711,0.90413,0.7342,0.84261,0.7462,0.40554,0.31683,0.83101,0.0055318,0.0055318,0.0055318
1356,16536.2,0.32278,0.2027,0.77918,0.90554,0.73437,0.84357,0.74634,0.4061,0.31664,0.83128,0.0055285,0.0055285,0.0055285
1357,16548.4,0.32724,0.20524,0.77897,0.9053,0.73406,0.84424,0.74649,0.40624,0.3165,0.83152,0.0055252,0.0055252,0.0055252
1358,16560.5,0.31531,0.19875,0.77649,0.90529,0.73398,0.84388,0.74634,0.40572,0.31622,0.83103,0.0055219,0.0055219,0.0055219
1359,16572.5,0.31676,0.19943,0.77831,0.90494,0.73312,0.84318,0.74611,0.40573,0.31592,0.83095,0.0055186,0.0055186,0.0055186
1360,16584.6,0.32332,0.20267,0.7774,0.91014,0.73027,0.8437,0.74632,0.40567,0.3158,0.83095,0.0055153,0.0055153,0.0055153
1361,16596.7,0.31881,0.20088,0.77886,0.90899,0.72991,0.84374,0.74624,0.40548,0.31689,0.83062,0.005512,0.005512,0.005512
1362,16608.8,0.31282,0.19777,0.77759,0.90905,0.73011,0.8441,0.74603,0.40525,0.31666,0.83042,0.0055087,0.0055087,0.0055087
1363,16620.9,0.30809,0.19635,0.77852,0.90928,0.73038,0.8437,0.74555,0.40508,0.31673,0.83037,0.0055054,0.0055054,0.0055054
1364,16633,0.30926,0.19357,0.77772,0.90899,0.72991,0.84325,0.74549,0.40492,0.31668,0.8302,0.0055021,0.0055021,0.0055021
1365,16645.2,0.32383,0.19889,0.78241,0.91034,0.73045,0.84347,0.74574,0.40501,0.31621,0.83006,0.0054988,0.0054988,0.0054988
1366,16657.3,0.31293,0.19854,0.77825,0.90903,0.72938,0.84272,0.74546,0.4048,0.31531,0.83003,0.0054955,0.0054955,0.0054955
1367,16669.3,0.31764,0.19796,0.77787,0.90872,0.72894,0.84279,0.74549,0.40483,0.31526,0.82994,0.0054922,0.0054922,0.0054922
1368,16681.5,0.31939,0.19775,0.77677,0.90851,0.72902,0.84294,0.74565,0.4052,0.31503,0.83021,0.0054889,0.0054889,0.0054889
1369,16693.7,0.31188,0.19761,0.77691,0.90864,0.72827,0.84298,0.74526,0.40527,0.31536,0.83028,0.0054856,0.0054856,0.0054856
1370,16705.9,0.33026,0.20387,0.77834,0.90827,0.72777,0.84231,0.7453,0.40526,0.31541,0.83035,0.0054823,0.0054823,0.0054823
1371,16717.9,0.31876,0.19853,0.77826,0.90941,0.72849,0.84234,0.74547,0.4053,0.31518,0.83032,0.005479,0.005479,0.005479
1372,16730,0.32329,0.20098,0.77695,0.90693,0.72744,0.84202,0.7456,0.40487,0.31537,0.83026,0.0054757,0.0054757,0.0054757
1373,16742,0.31835,0.19832,0.77569,0.90142,0.73142,0.84193,0.74529,0.40472,0.31555,0.83003,0.0054724,0.0054724,0.0054724
1374,16754.1,0.32413,0.20123,0.77639,0.89341,0.73561,0.84162,0.74539,0.40473,0.31563,0.83012,0.0054691,0.0054691,0.0054691
1375,16766.2,0.32637,0.20225,0.77784,0.90232,0.73205,0.84237,0.7456,0.40458,0.31552,0.82997,0.0054658,0.0054658,0.0054658
1376,16778.3,0.32241,0.20061,0.77637,0.90209,0.73207,0.84278,0.74555,0.40433,0.31585,0.82992,0.0054625,0.0054625,0.0054625
1377,16790.4,0.3215,0.19905,0.77838,0.90083,0.73223,0.84257,0.74546,0.40417,0.31566,0.8298,0.0054592,0.0054592,0.0054592
1378,16802.6,0.31091,0.19304,0.77688,0.90131,0.73219,0.84279,0.74566,0.40441,0.31605,0.82985,0.0054559,0.0054559,0.0054559
1379,16814.6,0.31145,0.19459,0.77651,0.90155,0.73241,0.84314,0.74585,0.40446,0.31609,0.82972,0.0054526,0.0054526,0.0054526
1380,16826.7,0.31747,0.2006,0.77626,0.90263,0.73327,0.84353,0.74606,0.4045,0.316,0.82979,0.0054493,0.0054493,0.0054493
1381,16838.9,0.31815,0.19971,0.77672,0.90248,0.73312,0.8436,0.74607,0.40476,0.31596,0.83033,0.005446,0.005446,0.005446
1382,16851.5,0.3251,0.20137,0.77631,0.90162,0.73312,0.84377,0.74639,0.4049,0.31639,0.83039,0.0054427,0.0054427,0.0054427
1383,16863.8,0.31231,0.19386,0.77739,0.90144,0.73276,0.8437,0.74659,0.4051,0.31629,0.83065,0.0054394,0.0054394,0.0054394
1384,16876,0.3093,0.1974,0.77642,0.90221,0.73309,0.84415,0.74634,0.40528,0.31633,0.83076,0.0054361,0.0054361,0.0054361
1385,16888.1,0.30625,0.19501,0.77689,0.90286,0.73294,0.84396,0.74628,0.40575,0.31648,0.83098,0.0054328,0.0054328,0.0054328
1386,16900.3,0.32019,0.19967,0.77827,0.90246,0.73189,0.84363,0.74604,0.40583,0.31734,0.83104,0.0054295,0.0054295,0.0054295
1387,16912.3,0.31896,0.20117,0.77598,0.90449,0.73116,0.84358,0.74641,0.40597,0.31745,0.83088,0.0054262,0.0054262,0.0054262
1388,16924.4,0.31754,0.19847,0.77828,0.90611,0.73075,0.84371,0.74638,0.40595,0.31725,0.83087,0.0054229,0.0054229,0.0054229
1389,16936.6,0.32531,0.20045,0.77982,0.90811,0.72894,0.84369,0.74643,0.40571,0.31656,0.83084,0.0054196,0.0054196,0.0054196
1390,16948.7,0.32064,0.20125,0.77616,0.9088,0.72849,0.84376,0.74601,0.40572,0.31652,0.83107,0.0054163,0.0054163,0.0054163
1391,16961,0.31875,0.1987,0.77711,0.9021,0.73219,0.84382,0.74608,0.406,0.31721,0.8312,0.005413,0.005413,0.005413
1392,16973.1,0.32496,0.201,0.77632,0.90282,0.73223,0.84415,0.7466,0.40593,0.31696,0.83124,0.0054097,0.0054097,0.0054097
1393,16985.3,0.31677,0.19898,0.77689,0.90705,0.73021,0.84412,0.74645,0.40603,0.31697,0.83131,0.0054064,0.0054064,0.0054064
1394,16997.4,0.31068,0.19546,0.77693,0.90468,0.73259,0.84421,0.74671,0.40595,0.31686,0.83133,0.0054031,0.0054031,0.0054031
1395,17009.6,0.3145,0.19478,0.77597,0.90321,0.73318,0.84403,0.74666,0.40583,0.31709,0.83137,0.0053998,0.0053998,0.0053998
1396,17021.8,0.30646,0.1933,0.77696,0.90259,0.73294,0.84388,0.7468,0.40564,0.31738,0.83113,0.0053965,0.0053965,0.0053965
1397,17034.1,0.31885,0.19851,0.77579,0.90826,0.72777,0.84334,0.74659,0.40562,0.31683,0.83101,0.0053932,0.0053932,0.0053932
1398,17046.2,0.32518,0.19926,0.77605,0.90993,0.72813,0.84367,0.74697,0.40555,0.31723,0.83105,0.0053899,0.0053899,0.0053899
1399,17058.3,0.32716,0.20126,0.77754,0.90241,0.73309,0.84351,0.74693,0.40529,0.3169,0.83081,0.0053866,0.0053866,0.0053866
1400,17070.4,0.32177,0.20027,0.77515,0.90274,0.73255,0.84348,0.74716,0.40527,0.31686,0.831,0.0053833,0.0053833,0.0053833
1401,17082.5,0.32131,0.20286,0.77706,0.89738,0.73722,0.84398,0.74756,0.40508,0.31662,0.83085,0.00538,0.00538,0.00538
1402,17094.7,0.31141,0.19805,0.77663,0.89966,0.73793,0.84465,0.74762,0.40516,0.31708,0.83086,0.0053767,0.0053767,0.0053767
1403,17106.9,0.32358,0.20256,0.77769,0.89984,0.73846,0.84501,0.74767,0.40529,0.31699,0.83101,0.0053734,0.0053734,0.0053734
1404,17119,0.31024,0.19676,0.77972,0.89905,0.73935,0.84508,0.7475,0.40525,0.31701,0.83092,0.0053701,0.0053701,0.0053701
1405,17131.2,0.32364,0.19726,0.7743,0.90019,0.74077,0.84594,0.74765,0.40486,0.31714,0.83066,0.0053668,0.0053668,0.0053668
1406,17143.3,0.31638,0.19899,0.77876,0.89967,0.7406,0.84556,0.74764,0.40494,0.31638,0.83082,0.0053635,0.0053635,0.0053635
1407,17155.4,0.31804,0.19777,0.77812,0.90023,0.739,0.84513,0.74741,0.40512,0.31678,0.83075,0.0053602,0.0053602,0.0053602
1408,17167.4,0.31202,0.19569,0.77764,0.9009,0.73971,0.84534,0.74728,0.40512,0.31722,0.83072,0.0053569,0.0053569,0.0053569
1409,17179.6,0.31948,0.2008,0.77777,0.90142,0.73959,0.84493,0.74716,0.40473,0.31704,0.83048,0.0053536,0.0053536,0.0053536
1410,17191.7,0.327,0.20423,0.78022,0.90105,0.73971,0.84501,0.74724,0.40469,0.31714,0.83056,0.0053503,0.0053503,0.0053503
1411,17204,0.32178,0.19869,0.77835,0.90014,0.73918,0.8446,0.74678,0.40506,0.31717,0.83069,0.005347,0.005347,0.005347
1412,17216.1,0.32532,0.20192,0.77726,0.89876,0.73936,0.84445,0.74718,0.405,0.31732,0.83061,0.0053437,0.0053437,0.0053437
1413,17228.3,0.31811,0.19725,0.77717,0.89913,0.73989,0.84467,0.74695,0.40506,0.31721,0.83057,0.0053404,0.0053404,0.0053404
1414,17240.4,0.31761,0.19675,0.77953,0.89951,0.73971,0.8447,0.74691,0.40527,0.31767,0.8305,0.0053371,0.0053371,0.0053371
1415,17252.6,0.32092,0.20131,0.77648,0.8992,0.74007,0.84481,0.74677,0.40509,0.31775,0.8305,0.0053338,0.0053338,0.0053338
1416,17264.6,0.30013,0.19088,0.7772,0.89831,0.7397,0.84389,0.74666,0.40546,0.31796,0.8307,0.0053305,0.0053305,0.0053305
1417,17276.7,0.31374,0.19437,0.77663,0.89862,0.7406,0.8441,0.74664,0.40617,0.3183,0.83117,0.0053272,0.0053272,0.0053272
1418,17288.8,0.31672,0.19754,0.777,0.8984,0.74096,0.8442,0.7468,0.40589,0.31886,0.83072,0.0053239,0.0053239,0.0053239
1419,17301,0.31416,0.19454,0.77712,0.89854,0.74131,0.84433,0.74681,0.40581,0.31848,0.83089,0.0053206,0.0053206,0.0053206
1420,17313.1,0.30351,0.19232,0.77577,0.89874,0.74114,0.84409,0.7471,0.4056,0.31817,0.83075,0.0053173,0.0053173,0.0053173
1421,17325.1,0.31337,0.19429,0.77705,0.89892,0.74096,0.84368,0.74697,0.40559,0.31823,0.83043,0.005314,0.005314,0.005314
1422,17337.1,0.30886,0.19273,0.77631,0.89859,0.74149,0.84343,0.74674,0.4058,0.3185,0.83057,0.0053107,0.0053107,0.0053107
1423,17349.3,0.30756,0.19216,0.77802,0.89876,0.74131,0.84405,0.747,0.40598,0.31875,0.8305,0.0053074,0.0053074,0.0053074
1424,17361.5,0.31178,0.19694,0.77784,0.8984,0.74042,0.84358,0.74692,0.40598,0.31839,0.83054,0.0053041,0.0053041,0.0053041
1425,17373.5,0.31058,0.19538,0.77564,0.89814,0.73988,0.84351,0.74693,0.40616,0.31845,0.83061,0.0053008,0.0053008,0.0053008
1426,17385.7,0.31244,0.19748,0.77637,0.8974,0.74042,0.84352,0.74685,0.40641,0.31851,0.83066,0.0052975,0.0052975,0.0052975
1427,17397.8,0.30739,0.19508,0.77633,0.89837,0.74042,0.84376,0.74689,0.40716,0.31878,0.83106,0.0052942,0.0052942,0.0052942
1428,17409.9,0.3106,0.19442,0.77777,0.89767,0.74081,0.84382,0.74691,0.4073,0.31858,0.83115,0.0052909,0.0052909,0.0052909
1429,17422.2,0.32056,0.19804,0.77713,0.89855,0.74149,0.84423,0.74706,0.40701,0.3183,0.83107,0.0052876,0.0052876,0.0052876
1430,17434.2,0.30904,0.1941,0.77456,0.89772,0.74119,0.84403,0.74665,0.40719,0.31821,0.83113,0.0052843,0.0052843,0.0052843
1431,17446.5,0.31015,0.19281,0.77685,0.89538,0.74042,0.84324,0.74653,0.40699,0.31837,0.83113,0.005281,0.005281,0.005281
1432,17458.6,0.31601,0.19944,0.77595,0.8967,0.74078,0.84402,0.7467,0.40729,0.31824,0.83148,0.0052777,0.0052777,0.0052777
1433,17470.7,0.31102,0.19611,0.77711,0.89846,0.7393,0.84377,0.74645,0.40776,0.31901,0.83154,0.0052744,0.0052744,0.0052744
1434,17482.9,0.3262,0.19874,0.77599,0.89603,0.74007,0.84382,0.74645,0.4075,0.3188,0.83133,0.0052711,0.0052711,0.0052711
1435,17494.9,0.30358,0.19217,0.77556,0.9017,0.73541,0.84325,0.74608,0.40767,0.3188,0.8314,0.0052678,0.0052678,0.0052678
1436,17507.1,0.31489,0.19551,0.77589,0.90239,0.73461,0.84328,0.74624,0.4075,0.31912,0.83131,0.0052645,0.0052645,0.0052645
1437,17519.2,0.30183,0.19228,0.77541,0.90168,0.73523,0.84343,0.74627,0.40716,0.31861,0.83082,0.0052612,0.0052612,0.0052612
1438,17531.3,0.31325,0.196,0.77879,0.90144,0.73492,0.84299,0.7462,0.40722,0.31893,0.83086,0.0052579,0.0052579,0.0052579
1439,17543.4,0.31455,0.19668,0.77666,0.90046,0.73526,0.84305,0.74584,0.4068,0.3186,0.83071,0.0052546,0.0052546,0.0052546
1440,17555.6,0.31234,0.19664,0.77903,0.90118,0.73561,0.84319,0.74588,0.40674,0.31896,0.83069,0.0052513,0.0052513,0.0052513
1441,17567.7,0.31965,0.19822,0.77588,0.90342,0.73454,0.84322,0.74609,0.40689,0.31904,0.83073,0.005248,0.005248,0.005248
1442,17579.9,0.31355,0.19707,0.77706,0.90316,0.73437,0.84291,0.74602,0.40684,0.31932,0.83082,0.0052447,0.0052447,0.0052447
1443,17591.9,0.31555,0.19598,0.77704,0.89676,0.73811,0.84282,0.74612,0.40671,0.31918,0.83065,0.0052414,0.0052414,0.0052414
1444,17604.1,0.31773,0.19586,0.77689,0.89871,0.73664,0.84278,0.74589,0.40646,0.31894,0.83058,0.0052381,0.0052381,0.0052381
1445,17616.1,0.31253,0.19478,0.7766,0.89718,0.73811,0.84266,0.74624,0.40678,0.31881,0.83071,0.0052348,0.0052348,0.0052348
1446,17628.2,0.30997,0.19391,0.77736,0.89344,0.74078,0.84251,0.7461,0.40643,0.31919,0.83046,0.0052315,0.0052315,0.0052315
1447,17640.4,0.30082,0.18874,0.77491,0.89545,0.74078,0.84286,0.74609,0.40629,0.31893,0.83038,0.0052282,0.0052282,0.0052282
1448,17652.4,0.3117,0.19563,0.77661,0.89546,0.74078,0.84285,0.74637,0.40644,0.31911,0.83043,0.0052249,0.0052249,0.0052249
1449,17664.5,0.30328,0.19301,0.77579,0.89709,0.74114,0.84349,0.74663,0.40639,0.319,0.83035,0.0052216,0.0052216,0.0052216
1450,17676.6,0.31479,0.19687,0.77743,0.89911,0.73827,0.84309,0.74661,0.40684,0.3193,0.83045,0.0052183,0.0052183,0.0052183
1451,17688.8,0.30617,0.19278,0.77765,0.90008,0.73827,0.84358,0.74683,0.40645,0.31922,0.83023,0.005215,0.005215,0.005215
1452,17701,0.30259,0.19032,0.77402,0.89907,0.74007,0.84383,0.74702,0.40625,0.3193,0.83026,0.0052117,0.0052117,0.0052117
1453,17713,0.30397,0.19096,0.77731,0.89727,0.7406,0.84368,0.74691,0.40617,0.31916,0.83026,0.0052084,0.0052084,0.0052084
1454,17725.1,0.31058,0.19262,0.77563,0.89424,0.74185,0.84329,0.74677,0.40621,0.31925,0.83038,0.0052051,0.0052051,0.0052051
1455,17737.3,0.31045,0.19383,0.77752,0.89544,0.74221,0.84378,0.74672,0.40635,0.31927,0.83045,0.0052018,0.0052018,0.0052018
1456,17749.4,0.31011,0.19358,0.77545,0.89764,0.73953,0.84345,0.74681,0.4063,0.31922,0.83044,0.0051985,0.0051985,0.0051985
1457,17761.4,0.32036,0.19638,0.7769,0.89821,0.74045,0.84469,0.74714,0.4063,0.31893,0.83044,0.0051952,0.0051952,0.0051952
1458,17773.6,0.3201,0.1991,0.77901,0.89774,0.73976,0.84428,0.74709,0.40637,0.31933,0.8304,0.0051919,0.0051919,0.0051919
1459,17785.7,0.30543,0.19623,0.77684,0.91406,0.72884,0.84439,0.74723,0.40646,0.31925,0.83065,0.0051886,0.0051886,0.0051886
1460,17797.8,0.31461,0.1966,0.77654,0.91395,0.72902,0.84445,0.74737,0.40645,0.3189,0.83063,0.0051853,0.0051853,0.0051853
1461,17810.1,0.3081,0.19704,0.7774,0.91399,0.72892,0.84433,0.74761,0.40645,0.31898,0.83058,0.005182,0.005182,0.005182
1462,17822.1,0.31094,0.19581,0.77555,0.9137,0.72867,0.84393,0.74739,0.40631,0.31906,0.83057,0.0051787,0.0051787,0.0051787
1463,17834.2,0.30428,0.19176,0.77606,0.9144,0.7292,0.8445,0.74713,0.40638,0.31856,0.83049,0.0051754,0.0051754,0.0051754
1464,17846.3,0.31632,0.19624,0.77561,0.9138,0.72902,0.84484,0.74748,0.40657,0.3187,0.83053,0.0051721,0.0051721,0.0051721
1465,17858.7,0.31042,0.19497,0.77612,0.91429,0.7292,0.84475,0.74707,0.40671,0.31836,0.8306,0.0051688,0.0051688,0.0051688
1466,17870.9,0.3291,0.20155,0.77785,0.91479,0.72973,0.84491,0.74722,0.40731,0.31863,0.83088,0.0051655,0.0051655,0.0051655
1467,17883,0.31025,0.19637,0.77768,0.91532,0.72991,0.84483,0.74732,0.40743,0.31888,0.83122,0.0051622,0.0051622,0.0051622
1468,17895.1,0.29884,0.19254,0.77618,0.91275,0.73057,0.84476,0.74735,0.40738,0.31857,0.8311,0.0051589,0.0051589,0.0051589
1469,17907.2,0.30907,0.19472,0.77561,0.913,0.73104,0.84502,0.7478,0.4077,0.31865,0.83115,0.0051556,0.0051556,0.0051556
1470,17919.4,0.31608,0.1954,0.77578,0.91356,0.7306,0.845,0.7477,0.40767,0.31904,0.83108,0.0051523,0.0051523,0.0051523
1471,17931.5,0.30211,0.19211,0.77589,0.9134,0.73094,0.84506,0.74758,0.40793,0.31923,0.83129,0.005149,0.005149,0.005149
1472,17943.6,0.31546,0.19511,0.77645,0.91257,0.73082,0.84506,0.74775,0.40747,0.31909,0.83134,0.0051457,0.0051457,0.0051457
1473,17955.7,0.3233,0.1968,0.77798,0.91357,0.7307,0.8452,0.74764,0.40805,0.31985,0.83191,0.0051424,0.0051424,0.0051424
1474,17968,0.31466,0.19674,0.77418,0.91308,0.73009,0.84479,0.74772,0.40821,0.31935,0.8319,0.0051391,0.0051391,0.0051391
1475,17980,0.31425,0.196,0.77672,0.91326,0.7292,0.84439,0.74745,0.40811,0.31946,0.83178,0.0051358,0.0051358,0.0051358
1476,17992.1,0.3145,0.1941,0.77499,0.91271,0.72973,0.84433,0.7473,0.40804,0.3193,0.83168,0.0051325,0.0051325,0.0051325
1477,18004.2,0.31614,0.19749,0.77626,0.91207,0.72973,0.84442,0.7475,0.40803,0.31905,0.8317,0.0051292,0.0051292,0.0051292
1478,18016.4,0.31221,0.2,0.77588,0.91188,0.73005,0.84447,0.74738,0.40816,0.31922,0.83178,0.0051259,0.0051259,0.0051259
1479,18028.5,0.29795,0.19072,0.77783,0.91213,0.73051,0.84504,0.748,0.40817,0.31912,0.83178,0.0051226,0.0051226,0.0051226
1480,18040.8,0.31513,0.19442,0.77687,0.91314,0.72867,0.84438,0.74781,0.40848,0.31931,0.8317,0.0051193,0.0051193,0.0051193
1481,18052.9,0.30557,0.19077,0.77628,0.91445,0.72932,0.84492,0.74785,0.40811,0.31899,0.83161,0.005116,0.005116,0.005116
1482,18065,0.3112,0.19504,0.77715,0.91313,0.72991,0.84466,0.74771,0.40806,0.31874,0.83153,0.0051127,0.0051127,0.0051127
1483,18077,0.31162,0.19226,0.77603,0.91232,0.72938,0.84424,0.74753,0.40811,0.31944,0.83144,0.0051094,0.0051094,0.0051094
1484,18089,0.31225,0.19394,0.77592,0.91291,0.73009,0.84464,0.74767,0.40803,0.31915,0.83145,0.0051061,0.0051061,0.0051061
1485,18101,0.30712,0.19273,0.7771,0.91228,0.72973,0.84417,0.7476,0.40801,0.31956,0.83142,0.0051028,0.0051028,0.0051028
1486,18113.3,0.3107,0.19348,0.77596,0.91213,0.73051,0.84427,0.7476,0.40772,0.3191,0.83107,0.0050995,0.0050995,0.0050995
1487,18125.3,0.30009,0.18923,0.7765,0.91287,0.72986,0.84434,0.7478,0.40777,0.31932,0.8311,0.0050962,0.0050962,0.0050962
1488,18137.4,0.32401,0.1979,0.77683,0.91273,0.73038,0.84453,0.74782,0.40786,0.31851,0.83106,0.0050929,0.0050929,0.0050929
1489,18149.5,0.30345,0.19033,0.77558,0.91233,0.7305,0.84439,0.74783,0.40795,0.31889,0.83102,0.0050896,0.0050896,0.0050896
1490,18161.8,0.31308,0.19285,0.77703,0.91084,0.7308,0.84462,0.74802,0.40771,0.31894,0.83091,0.0050863,0.0050863,0.0050863
1491,18174.1,0.31507,0.19304,0.77761,0.91073,0.73069,0.84447,0.74775,0.40789,0.31858,0.83128,0.005083,0.005083,0.005083
1492,18186.3,0.31124,0.19289,0.77459,0.91244,0.73009,0.84457,0.74805,0.40784,0.31898,0.83124,0.0050797,0.0050797,0.0050797
1493,18198.4,0.31743,0.20135,0.78033,0.91304,0.72955,0.84469,0.74816,0.40749,0.31896,0.83105,0.0050764,0.0050764,0.0050764
1494,18210.6,0.32056,0.197,0.77641,0.9135,0.72999,0.84514,0.74806,0.40765,0.31869,0.8311,0.0050731,0.0050731,0.0050731
1495,18222.9,0.30601,0.19215,0.7765,0.91193,0.73052,0.8453,0.74815,0.40766,0.31852,0.83102,0.0050698,0.0050698,0.0050698
1496,18235.1,0.31533,0.19457,0.77618,0.91407,0.72966,0.84508,0.74813,0.40733,0.31837,0.83097,0.0050665,0.0050665,0.0050665
1497,18247.2,0.3053,0.19291,0.77655,0.91336,0.72884,0.84511,0.74783,0.40733,0.31842,0.83098,0.0050632,0.0050632,0.0050632
1498,18259.3,0.30624,0.18991,0.77638,0.91353,0.72867,0.84503,0.74792,0.40751,0.3186,0.83103,0.0050599,0.0050599,0.0050599
1499,18271.4,0.31676,0.19502,0.77694,0.9141,0.72902,0.84514,0.74751,0.40746,0.31845,0.83095,0.0050566,0.0050566,0.0050566
1500,18283.4,0.30929,0.19673,0.77726,0.91404,0.72902,0.84552,0.7481,0.40763,0.31887,0.83108,0.0050533,0.0050533,0.0050533
1501,18295.5,0.30947,0.19495,0.77786,0.91402,0.72884,0.84535,0.74802,0.40727,0.31875,0.83086,0.00505,0.00505,0.00505
1502,18307.7,0.30734,0.19229,0.77565,0.91443,0.72956,0.84566,0.74815,0.40703,0.3192,0.83059,0.0050467,0.0050467,0.0050467
1503,18319.8,0.31468,0.19344,0.77554,0.91385,0.72951,0.84545,0.74789,0.40718,0.31923,0.83045,0.0050434,0.0050434,0.0050434
1504,18331.9,0.31073,0.1952,0.77659,0.91337,0.72883,0.84516,0.74793,0.40695,0.31895,0.8303,0.0050401,0.0050401,0.0050401
1505,18343.9,0.30704,0.19254,0.77668,0.9113,0.72991,0.84478,0.74791,0.40674,0.31893,0.83028,0.0050368,0.0050368,0.0050368
1506,18356.1,0.30713,0.19186,0.77643,0.90929,0.73098,0.84447,0.74787,0.40704,0.31853,0.83035,0.0050335,0.0050335,0.0050335
1507,18368.3,0.31204,0.19601,0.77557,0.91131,0.72991,0.84464,0.74753,0.4071,0.31861,0.83035,0.0050302,0.0050302,0.0050302
1508,18380.3,0.3162,0.19635,0.7774,0.91216,0.72956,0.84479,0.74779,0.40734,0.31872,0.83041,0.0050269,0.0050269,0.0050269
1509,18393,0.31406,0.19825,0.77828,0.91245,0.72938,0.84515,0.74791,0.40721,0.31864,0.83034,0.0050236,0.0050236,0.0050236
1510,18405.2,0.30757,0.19683,0.77708,0.91017,0.73134,0.84505,0.74793,0.40703,0.31871,0.83025,0.0050203,0.0050203,0.0050203
1511,18417.5,0.29603,0.19215,0.77604,0.90982,0.73134,0.8452,0.74768,0.40714,0.31926,0.8303,0.005017,0.005017,0.005017
1512,18429.9,0.31363,0.19524,0.77555,0.89806,0.73923,0.84557,0.74795,0.40712,0.31867,0.83027,0.0050137,0.0050137,0.0050137
1513,18442.3,0.31557,0.19699,0.77682,0.89917,0.73971,0.84578,0.74806,0.40691,0.31865,0.83011,0.0050104,0.0050104,0.0050104
1514,18454.4,0.30768,0.19263,0.7761,0.91041,0.73326,0.84599,0.74788,0.40698,0.31842,0.83004,0.0050071,0.0050071,0.0050071
1515,18466.4,0.30894,0.19403,0.77565,0.89865,0.73927,0.84574,0.74815,0.40687,0.31818,0.82999,0.0050038,0.0050038,0.0050038
1516,18478.5,0.31095,0.19482,0.77774,0.90634,0.73508,0.84573,0.74831,0.40689,0.31823,0.83011,0.0050005,0.0050005,0.0050005
1517,18490.7,0.31155,0.19324,0.77605,0.90645,0.73536,0.84578,0.74844,0.40714,0.31857,0.8302,0.0049972,0.0049972,0.0049972
1518,18503.1,0.30588,0.19094,0.77461,0.90631,0.7359,0.84565,0.7486,0.40715,0.31903,0.83027,0.0049939,0.0049939,0.0049939
1519,18515.3,0.30922,0.19267,0.77591,0.9001,0.73996,0.84574,0.74861,0.407,0.31868,0.83029,0.0049906,0.0049906,0.0049906
1520,18527.5,0.31118,0.19351,0.77416,0.90089,0.74011,0.84577,0.74835,0.40683,0.31898,0.83008,0.0049873,0.0049873,0.0049873
1521,18539.6,0.30661,0.19371,0.77535,0.90091,0.74021,0.84599,0.74863,0.40693,0.31892,0.83017,0.004984,0.004984,0.004984
1522,18551.8,0.3106,0.19716,0.7791,0.90189,0.73989,0.84575,0.7486,0.40731,0.3189,0.83023,0.0049807,0.0049807,0.0049807
1523,18563.8,0.30218,0.19314,0.77655,0.90104,0.73989,0.84596,0.74853,0.40773,0.31871,0.83079,0.0049774,0.0049774,0.0049774
1524,18575.9,0.30408,0.19046,0.77701,0.9006,0.73989,0.84536,0.74847,0.40766,0.31833,0.83071,0.0049741,0.0049741,0.0049741
1525,18588.2,0.30837,0.19165,0.77578,0.90123,0.73966,0.84509,0.74849,0.40708,0.31863,0.83045,0.0049708,0.0049708,0.0049708
1526,18600.2,0.31006,0.19123,0.776,0.90122,0.73918,0.84478,0.7485,0.40689,0.31891,0.8299,0.0049675,0.0049675,0.0049675
1527,18612.3,0.30957,0.19644,0.77607,0.90118,0.73918,0.8448,0.74834,0.40744,0.31874,0.8305,0.0049642,0.0049642,0.0049642
1528,18624.5,0.30291,0.18861,0.77548,0.90107,0.73918,0.8447,0.74843,0.40724,0.31866,0.83048,0.0049609,0.0049609,0.0049609
1529,18636.5,0.30813,0.19165,0.77565,0.90155,0.73918,0.84481,0.74853,0.40739,0.3189,0.83053,0.0049576,0.0049576,0.0049576
1530,18648.6,0.30502,0.191,0.77618,0.90273,0.73906,0.84457,0.74828,0.40719,0.31832,0.83045,0.0049543,0.0049543,0.0049543
1531,18660.7,0.30435,0.1907,0.77557,0.90313,0.739,0.84465,0.74843,0.40694,0.3177,0.83031,0.004951,0.004951,0.004951
1532,18672.8,0.30003,0.18821,0.77678,0.90429,0.73882,0.84478,0.74812,0.40705,0.31793,0.83026,0.0049477,0.0049477,0.0049477
1533,18684.9,0.30498,0.19127,0.77591,0.90433,0.73918,0.84501,0.74836,0.40716,0.31795,0.83031,0.0049444,0.0049444,0.0049444
1534,18696.9,0.31093,0.1948,0.77497,0.90403,0.73936,0.84503,0.74855,0.407,0.3179,0.83025,0.0049411,0.0049411,0.0049411
1535,18709.2,0.31094,0.19305,0.77701,0.90299,0.73918,0.84477,0.74878,0.40727,0.31753,0.83033,0.0049378,0.0049378,0.0049378
1536,18721.4,0.31069,0.19427,0.77699,0.90233,0.73903,0.84444,0.7485,0.40724,0.31788,0.83041,0.0049345,0.0049345,0.0049345
1537,18733.5,0.30936,0.19177,0.77726,0.90244,0.73989,0.84471,0.74858,0.40713,0.31786,0.83,0.0049312,0.0049312,0.0049312
1538,18745.6,0.29768,0.18922,0.77493,0.90231,0.73989,0.84511,0.74893,0.40716,0.31803,0.83009,0.0049279,0.0049279,0.0049279
1539,18757.7,0.30083,0.18824,0.77646,0.90291,0.7406,0.84534,0.74882,0.40724,0.31779,0.82998,0.0049246,0.0049246,0.0049246
1540,18769.9,0.31439,0.19586,0.77737,0.90324,0.74011,0.8454,0.74884,0.40766,0.31752,0.83048,0.0049213,0.0049213,0.0049213
1541,18782,0.30437,0.18776,0.77707,0.90392,0.73936,0.84512,0.74889,0.40709,0.31767,0.82989,0.004918,0.004918,0.004918
1542,18794.1,0.3046,0.18921,0.77687,0.90202,0.73968,0.8452,0.74871,0.40738,0.31793,0.83002,0.0049147,0.0049147,0.0049147
1543,18806.1,0.29791,0.18638,0.77474,0.90217,0.73971,0.84495,0.74884,0.40729,0.31816,0.8299,0.0049114,0.0049114,0.0049114
1544,18818.5,0.31001,0.19463,0.77629,0.90266,0.73989,0.84514,0.74897,0.40741,0.31798,0.82992,0.0049081,0.0049081,0.0049081
1545,18830.7,0.3057,0.19202,0.77604,0.90262,0.73982,0.84489,0.74879,0.40778,0.31793,0.83049,0.0049048,0.0049048,0.0049048
1546,18842.8,0.3097,0.19377,0.77654,0.90323,0.73995,0.845,0.74871,0.40748,0.31769,0.83003,0.0049015,0.0049015,0.0049015
1547,18855,0.304,0.18893,0.77427,0.90255,0.7392,0.84486,0.74877,0.40743,0.31778,0.82995,0.0048982,0.0048982,0.0048982
1548,18867,0.30481,0.19003,0.77513,0.90156,0.73918,0.84444,0.74851,0.40722,0.31777,0.82983,0.0048949,0.0048949,0.0048949
1549,18879.1,0.30975,0.19296,0.77517,0.90364,0.73844,0.8447,0.74852,0.40719,0.31826,0.82976,0.0048916,0.0048916,0.0048916
1550,18891.3,0.30857,0.19394,0.77515,0.90415,0.73779,0.84444,0.74843,0.40723,0.31824,0.82977,0.0048883,0.0048883,0.0048883
1551,18903.4,0.30288,0.18733,0.77591,0.90563,0.73846,0.84509,0.74889,0.40721,0.31842,0.82984,0.004885,0.004885,0.004885
1552,18915.5,0.30307,0.18947,0.77459,0.90559,0.73811,0.84537,0.74887,0.40745,0.31853,0.82988,0.0048817,0.0048817,0.0048817
1553,18927.7,0.31094,0.19495,0.7777,0.90557,0.73793,0.84535,0.7484,0.40729,0.31861,0.82985,0.0048784,0.0048784,0.0048784
1554,18939.7,0.31218,0.19344,0.77641,0.90801,0.73668,0.84574,0.74844,0.40704,0.31812,0.82973,0.0048751,0.0048751,0.0048751
1555,18951.9,0.304,0.19102,0.77566,0.90784,0.73686,0.84578,0.74882,0.40692,0.31821,0.82982,0.0048718,0.0048718,0.0048718
1556,18964,0.30867,0.19535,0.77712,0.90791,0.73597,0.84549,0.74858,0.40695,0.31819,0.82985,0.0048685,0.0048685,0.0048685
1557,18976.1,0.30387,0.19032,0.77612,0.90761,0.7365,0.84581,0.74878,0.40708,0.31807,0.82968,0.0048652,0.0048652,0.0048652
1558,18988.2,0.30462,0.18951,0.77544,0.9074,0.7365,0.84566,0.74882,0.40679,0.31814,0.82973,0.0048619,0.0048619,0.0048619
1559,19000.4,0.30497,0.19072,0.77713,0.90587,0.73633,0.84465,0.74872,0.40651,0.31777,0.8296,0.0048586,0.0048586,0.0048586
1560,19012.7,0.31662,0.19514,0.77541,0.90766,0.7374,0.84519,0.7486,0.40637,0.31806,0.82956,0.0048553,0.0048553,0.0048553
1561,19024.7,0.30269,0.1901,0.77504,0.90772,0.73722,0.84538,0.7487,0.40635,0.31799,0.82948,0.004852,0.004852,0.004852
1562,19036.6,0.29941,0.1878,0.77392,0.91024,0.7365,0.84584,0.74873,0.40624,0.31803,0.82947,0.0048487,0.0048487,0.0048487
1563,19048.9,0.30858,0.18989,0.77463,0.90776,0.73817,0.84627,0.74875,0.40631,0.31812,0.82951,0.0048454,0.0048454,0.0048454
1564,19061,0.29871,0.19081,0.77562,0.90927,0.73704,0.84644,0.74894,0.40632,0.31808,0.82956,0.0048421,0.0048421,0.0048421
1565,19073.1,0.30289,0.18817,0.77552,0.90953,0.7365,0.84639,0.74895,0.40638,0.31814,0.82952,0.0048388,0.0048388,0.0048388
1566,19085.3,0.31612,0.19478,0.77611,0.90857,0.73633,0.8456,0.74892,0.40694,0.31815,0.83029,0.0048355,0.0048355,0.0048355
1567,19097.4,0.30228,0.18781,0.77736,0.90799,0.73722,0.8461,0.74917,0.40712,0.31794,0.83044,0.0048322,0.0048322,0.0048322
1568,19109.5,0.30043,0.18814,0.7745,0.90801,0.73811,0.8467,0.74937,0.4075,0.31766,0.83069,0.0048289,0.0048289,0.0048289
1569,19121.8,0.29863,0.18697,0.77556,0.90783,0.73829,0.84659,0.74927,0.40729,0.31832,0.83054,0.0048256,0.0048256,0.0048256
1570,19133.9,0.30886,0.19131,0.7758,0.90675,0.73811,0.84614,0.74925,0.40754,0.31836,0.83071,0.0048223,0.0048223,0.0048223
1571,19146,0.30032,0.19052,0.77583,0.90551,0.73793,0.84561,0.74908,0.40773,0.31832,0.8308,0.004819,0.004819,0.004819
1572,19158.1,0.30089,0.1889,0.77607,0.90631,0.73864,0.84617,0.7491,0.40784,0.31837,0.83088,0.0048157,0.0048157,0.0048157
1573,19170.4,0.29879,0.18562,0.77397,0.90511,0.73864,0.84614,0.74904,0.40761,0.31873,0.83047,0.0048124,0.0048124,0.0048124
1574,19182.5,0.31653,0.19457,0.77708,0.9113,0.73383,0.84548,0.74913,0.40767,0.31867,0.83036,0.0048091,0.0048091,0.0048091
1575,19194.5,0.30858,0.19216,0.77665,0.9111,0.73383,0.84563,0.74884,0.40746,0.31878,0.83032,0.0048058,0.0048058,0.0048058
1576,19206.7,0.29968,0.18972,0.77566,0.90506,0.73877,0.84573,0.74872,0.4075,0.31894,0.83033,0.0048025,0.0048025,0.0048025
1577,19218.8,0.30958,0.19077,0.7778,0.90366,0.739,0.84521,0.74841,0.4081,0.31937,0.83042,0.0047992,0.0047992,0.0047992
1578,19230.9,0.31089,0.19174,0.77611,0.90478,0.73882,0.84567,0.74897,0.40769,0.31922,0.83028,0.0047959,0.0047959,0.0047959
1579,19243.1,0.31473,0.1946,0.77519,0.90487,0.7389,0.84588,0.74899,0.40792,0.31936,0.83033,0.0047926,0.0047926,0.0047926
1580,19255.2,0.30483,0.1896,0.77561,0.90506,0.73875,0.84555,0.74909,0.40801,0.31912,0.83033,0.0047893,0.0047893,0.0047893
1581,19267.3,0.30201,0.19386,0.7785,0.90488,0.739,0.84596,0.74874,0.40821,0.31899,0.8304,0.004786,0.004786,0.004786
1582,19279.4,0.29363,0.18657,0.77568,0.90538,0.73936,0.84628,0.74899,0.40818,0.31908,0.83043,0.0047827,0.0047827,0.0047827
1583,19291.7,0.30844,0.19234,0.77516,0.90477,0.73936,0.84653,0.74936,0.4082,0.31872,0.8305,0.0047794,0.0047794,0.0047794
1584,19303.9,0.30695,0.19253,0.77708,0.9052,0.73971,0.84657,0.74908,0.40781,0.31935,0.82997,0.0047761,0.0047761,0.0047761
1585,19316.1,0.30745,0.19054,0.77521,0.90456,0.73957,0.84657,0.74914,0.40791,0.31924,0.83006,0.0047728,0.0047728,0.0047728
1586,19328.1,0.30966,0.1925,0.77649,0.90476,0.73962,0.84682,0.74933,0.40811,0.31927,0.82997,0.0047695,0.0047695,0.0047695
1587,19340.2,0.31253,0.19566,0.77779,0.90417,0.7396,0.84678,0.74953,0.40829,0.31897,0.83015,0.0047662,0.0047662,0.0047662
1588,19352.5,0.31559,0.19462,0.77868,0.90638,0.73793,0.84681,0.74961,0.40822,0.31897,0.83011,0.0047629,0.0047629,0.0047629
1589,19364.7,0.30196,0.18777,0.77657,0.90608,0.73906,0.84701,0.74966,0.40808,0.31933,0.82994,0.0047596,0.0047596,0.0047596
1590,19376.8,0.30939,0.1899,0.77664,0.90618,0.73821,0.84691,0.74952,0.40804,0.31925,0.82995,0.0047563,0.0047563,0.0047563
1591,19388.9,0.30371,0.19123,0.77689,0.90344,0.74009,0.84677,0.74962,0.40796,0.31929,0.82997,0.004753,0.004753,0.004753
1592,19401.1,0.31267,0.19263,0.77637,0.90616,0.7374,0.84647,0.7492,0.40796,0.31937,0.82994,0.0047497,0.0047497,0.0047497
1593,19413.3,0.31069,0.18973,0.7764,0.90346,0.74024,0.84651,0.74952,0.40798,0.31982,0.8299,0.0047464,0.0047464,0.0047464
1594,19425.4,0.30502,0.19061,0.77598,0.90284,0.74002,0.84649,0.7495,0.40842,0.32046,0.83005,0.0047431,0.0047431,0.0047431
1595,19437.6,0.32491,0.20867,0.78668,0.90204,0.74078,0.84697,0.74983,0.40831,0.31981,0.83007,0.0047398,0.0047398,0.0047398
1596,19449.8,0.29893,0.18845,0.77419,0.90277,0.74042,0.84668,0.74946,0.40843,0.32028,0.83002,0.0047365,0.0047365,0.0047365
1597,19461.8,0.29659,0.18851,0.77479,0.90224,0.74042,0.84634,0.74963,0.40842,0.32025,0.83037,0.0047332,0.0047332,0.0047332
1598,19474,0.30416,0.19084,0.77536,0.90709,0.73751,0.84673,0.74999,0.40847,0.32009,0.83036,0.0047299,0.0047299,0.0047299
1599,19486,0.30434,0.19166,0.77518,0.90336,0.73943,0.84661,0.74975,0.40833,0.32017,0.83024,0.0047266,0.0047266,0.0047266
1600,19498.1,0.30069,0.18987,0.77476,0.91153,0.73419,0.84643,0.74963,0.40836,0.32062,0.8303,0.0047233,0.0047233,0.0047233
1601,19510.4,0.31116,0.19339,0.77629,0.91132,0.73419,0.84638,0.7496,0.40826,0.3202,0.83029,0.00472,0.00472,0.00472
1602,19522.7,0.29724,0.1859,0.77542,0.91027,0.73383,0.84612,0.74962,0.4085,0.32078,0.83032,0.0047167,0.0047167,0.0047167
1603,19534.8,0.29624,0.18819,0.77606,0.91027,0.73375,0.84619,0.74963,0.40836,0.32054,0.83028,0.0047134,0.0047134,0.0047134
1604,19546.8,0.29432,0.1858,0.77557,0.90377,0.73792,0.84579,0.74932,0.40837,0.32029,0.83037,0.0047101,0.0047101,0.0047101
1605,19559,0.30019,0.18817,0.77541,0.90717,0.73647,0.84587,0.74922,0.40847,0.31982,0.83038,0.0047068,0.0047068,0.0047068
1606,19571.1,0.29854,0.18878,0.77658,0.9109,0.73401,0.8462,0.74923,0.40864,0.32029,0.8304,0.0047035,0.0047035,0.0047035
1607,19583.2,0.29972,0.18727,0.77525,0.90803,0.73701,0.8463,0.74934,0.40868,0.32027,0.83038,0.0047002,0.0047002,0.0047002
1608,19595.3,0.29633,0.18704,0.7748,0.90411,0.73908,0.8464,0.74959,0.40834,0.32,0.83026,0.0046969,0.0046969,0.0046969
1609,19607.5,0.30215,0.18837,0.77501,0.90795,0.73686,0.84618,0.7494,0.40833,0.31982,0.83026,0.0046936,0.0046936,0.0046936
1610,19619.6,0.29959,0.18714,0.77557,0.90815,0.73631,0.84595,0.74956,0.4084,0.32069,0.83027,0.0046903,0.0046903,0.0046903
1611,19631.9,0.29945,0.18957,0.77818,0.90821,0.7365,0.84629,0.74976,0.40814,0.31984,0.83027,0.004687,0.004687,0.004687
1612,19644.2,0.30369,0.18978,0.77711,0.90826,0.7365,0.84644,0.74997,0.40849,0.32099,0.83021,0.0046837,0.0046837,0.0046837
1613,19656.2,0.29529,0.19015,0.77605,0.9155,0.73152,0.84651,0.74995,0.40845,0.32075,0.83021,0.0046804,0.0046804,0.0046804
1614,19668.3,0.30424,0.18914,0.77459,0.91567,0.73123,0.84614,0.7498,0.40833,0.32044,0.83008,0.0046771,0.0046771,0.0046771
1615,19680.4,0.30121,0.18921,0.7759,0.91611,0.73187,0.84634,0.74989,0.40819,0.32006,0.82999,0.0046738,0.0046738,0.0046738
1616,19692.6,0.31001,0.20124,0.77799,0.90781,0.7365,0.84656,0.75002,0.40847,0.32028,0.83013,0.0046705,0.0046705,0.0046705
1617,19705,0.29887,0.18554,0.77534,0.90767,0.7365,0.84653,0.75006,0.40845,0.32033,0.83018,0.0046672,0.0046672,0.0046672
1618,19717.3,0.30385,0.1902,0.77491,0.90803,0.73698,0.84664,0.75023,0.40901,0.32011,0.83028,0.0046639,0.0046639,0.0046639
1619,19729.6,0.30187,0.18863,0.77501,0.90843,0.73704,0.84686,0.75,0.40876,0.32006,0.83034,0.0046606,0.0046606,0.0046606
1620,19741.8,0.30449,0.18998,0.77544,0.9096,0.73679,0.84708,0.75011,0.40922,0.31989,0.83055,0.0046573,0.0046573,0.0046573
1621,19753.9,0.30347,0.19034,0.77659,0.90887,0.7374,0.8473,0.75038,0.40904,0.31979,0.83047,0.004654,0.004654,0.004654
1622,19766.1,0.30227,0.1906,0.77521,0.90863,0.73699,0.84702,0.75021,0.40911,0.32019,0.83035,0.0046507,0.0046507,0.0046507
1623,19778.3,0.29447,0.18835,0.77555,0.91591,0.73159,0.84646,0.75021,0.40917,0.32044,0.83038,0.0046474,0.0046474,0.0046474
1624,19790.5,0.31429,0.19356,0.77638,0.91612,0.73187,0.84651,0.75046,0.40917,0.32073,0.83036,0.0046441,0.0046441,0.0046441
1625,19802.6,0.30366,0.19359,0.77632,0.90785,0.73722,0.84635,0.75013,0.40928,0.32126,0.83031,0.0046408,0.0046408,0.0046408
1626,19814.8,0.305,0.19102,0.77543,0.9073,0.73581,0.8464,0.75002,0.40932,0.32126,0.83037,0.0046375,0.0046375,0.0046375
1627,19826.9,0.30259,0.19146,0.77672,0.91521,0.73077,0.84609,0.74987,0.40945,0.32125,0.8304,0.0046342,0.0046342,0.0046342
1628,19839.1,0.29694,0.18533,0.77403,0.90776,0.73636,0.84687,0.75015,0.4094,0.32053,0.83046,0.0046309,0.0046309,0.0046309
1629,19851.3,0.30262,0.18885,0.77615,0.90708,0.73569,0.84647,0.74998,0.40918,0.32079,0.83023,0.0046276,0.0046276,0.0046276
1630,19863.4,0.31218,0.19188,0.7784,0.90359,0.73918,0.84663,0.75018,0.40941,0.32075,0.83012,0.0046243,0.0046243,0.0046243
1631,19875.4,0.29706,0.18579,0.7745,0.90376,0.73882,0.84658,0.75014,0.40965,0.32117,0.83028,0.004621,0.004621,0.004621
1632,19887.6,0.29684,0.1858,0.77491,0.9042,0.73918,0.84699,0.75011,0.40948,0.32167,0.83021,0.0046177,0.0046177,0.0046177
1633,19900.4,0.31144,0.19363,0.77513,0.90419,0.739,0.84651,0.75007,0.40918,0.32102,0.83009,0.0046144,0.0046144,0.0046144
1634,19912.7,0.2994,0.18802,0.7732,0.90471,0.73918,0.84689,0.75009,0.40903,0.32188,0.83004,0.0046111,0.0046111,0.0046111
1635,19925,0.30075,0.18925,0.77898,0.90349,0.73846,0.84653,0.75009,0.4091,0.32201,0.82995,0.0046078,0.0046078,0.0046078
1636,19937,0.29734,0.18679,0.77486,0.90388,0.73864,0.84674,0.75021,0.40877,0.32174,0.82994,0.0046045,0.0046045,0.0046045
1637,19949.1,0.30683,0.19013,0.77602,0.90388,0.73846,0.84646,0.75026,0.40927,0.32193,0.83032,0.0046012,0.0046012,0.0046012
1638,19961.3,0.3001,0.18614,0.77419,0.90386,0.73829,0.84659,0.75031,0.40887,0.32108,0.8302,0.0045979,0.0045979,0.0045979
1639,19973.5,0.29915,0.18645,0.77542,0.90331,0.73811,0.84649,0.75005,0.40897,0.32189,0.8302,0.0045946,0.0045946,0.0045946
1640,19985.6,0.29706,0.18363,0.77523,0.90302,0.73825,0.84653,0.75,0.40874,0.32166,0.83005,0.0045913,0.0045913,0.0045913
1641,19997.7,0.29906,0.18632,0.77635,0.90393,0.73829,0.84666,0.74989,0.40867,0.32142,0.82989,0.004588,0.004588,0.004588
1642,20009.8,0.30369,0.19047,0.77542,0.89853,0.74221,0.84659,0.74991,0.40865,0.32105,0.82986,0.0045847,0.0045847,0.0045847
1643,20022.1,0.29375,0.18473,0.77472,0.9044,0.73819,0.84663,0.75015,0.40897,0.32133,0.82992,0.0045814,0.0045814,0.0045814
1644,20034.6,0.30596,0.18869,0.77577,0.89803,0.74185,0.84653,0.75021,0.40865,0.32185,0.82973,0.0045781,0.0045781,0.0045781
1645,20046.8,0.30236,0.19,0.77486,0.89986,0.74119,0.84629,0.7501,0.40833,0.32192,0.82964,0.0045748,0.0045748,0.0045748
1646,20058.9,0.29242,0.18392,0.77493,0.89967,0.74096,0.84631,0.74997,0.40854,0.32227,0.82983,0.0045715,0.0045715,0.0045715
1647,20070.9,0.28964,0.18405,0.77516,0.9002,0.74081,0.84653,0.75015,0.4084,0.32186,0.82971,0.0045682,0.0045682,0.0045682
1648,20083.1,0.3012,0.18733,0.77395,0.90512,0.73793,0.84664,0.75025,0.40814,0.32264,0.82929,0.0045649,0.0045649,0.0045649
1649,20095.2,0.29699,0.18793,0.77445,0.90763,0.73698,0.84667,0.75032,0.40836,0.32308,0.8294,0.0045616,0.0045616,0.0045616
1650,20107.4,0.30207,0.18813,0.77576,0.90682,0.73686,0.84648,0.75014,0.4083,0.32298,0.82938,0.0045583,0.0045583,0.0045583
1651,20119.6,0.30469,0.19058,0.77509,0.90662,0.73686,0.84633,0.75026,0.4086,0.32322,0.82949,0.004555,0.004555,0.004555
1652,20131.9,0.29763,0.18547,0.77474,0.90475,0.73785,0.84622,0.75025,0.40804,0.323,0.82924,0.0045517,0.0045517,0.0045517
1653,20144,0.29362,0.18647,0.77536,0.90633,0.73686,0.84613,0.74995,0.40803,0.32341,0.82925,0.0045484,0.0045484,0.0045484
1654,20156.1,0.29361,0.18551,0.77487,0.90472,0.73758,0.84624,0.75018,0.40797,0.32332,0.82917,0.0045451,0.0045451,0.0045451
1655,20168.2,0.30337,0.18808,0.77484,0.90454,0.73773,0.84614,0.7501,0.40802,0.32333,0.82914,0.0045418,0.0045418,0.0045418
1656,20180.4,0.30205,0.18806,0.77441,0.90516,0.73791,0.84656,0.75023,0.40771,0.32289,0.82905,0.0045385,0.0045385,0.0045385
1657,20192.4,0.29552,0.18747,0.77611,0.90674,0.73791,0.84654,0.75033,0.40762,0.32297,0.82912,0.0045352,0.0045352,0.0045352
1658,20204.8,0.29961,0.18643,0.7748,0.90636,0.73811,0.84662,0.75022,0.40765,0.32273,0.82907,0.0045319,0.0045319,0.0045319
1659,20217.2,0.30083,0.18747,0.77542,0.90503,0.73853,0.84696,0.75043,0.40744,0.32266,0.82894,0.0045286,0.0045286,0.0045286
1660,20229.5,0.29327,0.18559,0.77434,0.90566,0.73889,0.84712,0.75051,0.40758,0.32328,0.82894,0.0045253,0.0045253,0.0045253
1661,20241.8,0.29205,0.18387,0.775,0.90586,0.73886,0.84705,0.75066,0.40717,0.32356,0.82866,0.004522,0.004522,0.004522
1662,20253.9,0.29637,0.18483,0.7745,0.90527,0.73886,0.84692,0.75049,0.40708,0.32329,0.8285,0.0045187,0.0045187,0.0045187
1663,20266,0.31039,0.19107,0.7757,0.90704,0.73811,0.84712,0.7507,0.40688,0.32372,0.82843,0.0045154,0.0045154,0.0045154
1664,20278.1,0.29747,0.18898,0.77409,0.90755,0.73806,0.84708,0.75059,0.4066,0.32386,0.8282,0.0045121,0.0045121,0.0045121
1665,20290.2,0.30732,0.19014,0.77369,0.90849,0.73755,0.84729,0.75067,0.40674,0.32384,0.8282,0.0045088,0.0045088,0.0045088
1666,20302.4,0.30769,0.19025,0.77541,0.91246,0.73508,0.84697,0.75021,0.40691,0.32369,0.82854,0.0045055,0.0045055,0.0045055
1667,20314.4,0.30743,0.18974,0.77476,0.90766,0.73775,0.84697,0.75056,0.40684,0.32397,0.82844,0.0045022,0.0045022,0.0045022
1668,20326.6,0.30289,0.18877,0.77548,0.9075,0.73775,0.84705,0.75053,0.40701,0.32401,0.82854,0.0044989,0.0044989,0.0044989
1669,20338.8,0.29534,0.18929,0.77463,0.91292,0.73404,0.84656,0.75048,0.40715,0.32439,0.82862,0.0044956,0.0044956,0.0044956
1670,20350.9,0.29425,0.18325,0.77488,0.91342,0.73579,0.84769,0.75096,0.40688,0.32409,0.82863,0.0044923,0.0044923,0.0044923
1671,20363.1,0.30565,0.18896,0.77339,0.91362,0.73485,0.84742,0.75097,0.4069,0.32356,0.82856,0.004489,0.004489,0.004489
1672,20375.8,0.29825,0.18556,0.77448,0.91282,0.73472,0.84702,0.7511,0.40708,0.3236,0.82869,0.0044857,0.0044857,0.0044857
1673,20388.4,0.30016,0.18618,0.77448,0.90941,0.73793,0.84761,0.75112,0.40706,0.32372,0.82876,0.0044824,0.0044824,0.0044824
1674,20401.1,0.30133,0.18659,0.77684,0.90897,0.73793,0.84747,0.7511,0.40711,0.32361,0.8289,0.0044791,0.0044791,0.0044791
1675,20413.6,0.29723,0.18573,0.77655,0.90827,0.73775,0.84734,0.75102,0.4073,0.32336,0.82908,0.0044758,0.0044758,0.0044758
1676,20426.1,0.29788,0.18468,0.77435,0.90921,0.73668,0.84711,0.75101,0.40718,0.3234,0.82878,0.0044725,0.0044725,0.0044725
1677,20438.3,0.2996,0.18667,0.77541,0.90863,0.73706,0.84713,0.75089,0.4071,0.32356,0.82882,0.0044692,0.0044692,0.0044692
1678,20450.9,0.30153,0.18751,0.77503,0.90997,0.73668,0.84726,0.75085,0.40724,0.32368,0.82878,0.0044659,0.0044659,0.0044659
1679,20463.3,0.30122,0.18832,0.77442,0.91028,0.73668,0.84727,0.75084,0.40727,0.32384,0.82877,0.0044626,0.0044626,0.0044626
1680,20475.7,0.30641,0.18781,0.77413,0.91312,0.7349,0.84765,0.7511,0.40757,0.32384,0.82882,0.0044593,0.0044593,0.0044593
1681,20488.1,0.29718,0.18465,0.77386,0.90884,0.73714,0.84745,0.75125,0.40726,0.3238,0.82881,0.004456,0.004456,0.004456
1682,20500.5,0.29217,0.18211,0.77482,0.91001,0.73681,0.84759,0.75135,0.40705,0.32399,0.82869,0.0044527,0.0044527,0.0044527
1683,20512.8,0.29325,0.18649,0.77501,0.91297,0.73454,0.84763,0.75126,0.40722,0.3241,0.82875,0.0044494,0.0044494,0.0044494
1684,20525.5,0.2891,0.18203,0.77544,0.91024,0.73633,0.84764,0.75104,0.4076,0.32427,0.82879,0.0044461,0.0044461,0.0044461
1685,20538.3,0.29467,0.18104,0.77376,0.90986,0.73732,0.84804,0.75111,0.40792,0.32458,0.82875,0.0044428,0.0044428,0.0044428
1686,20550.7,0.28734,0.18187,0.77431,0.91035,0.73722,0.84803,0.75105,0.40813,0.32434,0.82876,0.0044395,0.0044395,0.0044395
1687,20563.1,0.30022,0.18538,0.77481,0.91005,0.73722,0.84792,0.75119,0.40808,0.32433,0.82887,0.0044362,0.0044362,0.0044362
1688,20575.9,0.30364,0.18832,0.77512,0.9088,0.73633,0.84749,0.75103,0.40789,0.324,0.82876,0.0044329,0.0044329,0.0044329
1689,20588.7,0.3003,0.18618,0.77593,0.90909,0.73686,0.84747,0.75131,0.40827,0.32445,0.82901,0.0044296,0.0044296,0.0044296
1690,20601.5,0.30086,0.18866,0.77433,0.91154,0.73544,0.84799,0.75101,0.40828,0.32404,0.82894,0.0044263,0.0044263,0.0044263
1691,20614.2,0.29285,0.1864,0.77652,0.91083,0.7374,0.84828,0.75121,0.40815,0.32436,0.82885,0.004423,0.004423,0.004423
1692,20627.4,0.31085,0.19362,0.77712,0.9067,0.73929,0.84814,0.75141,0.40827,0.32453,0.82888,0.0044197,0.0044197,0.0044197
1693,20640.3,0.29741,0.1847,0.77628,0.91047,0.73736,0.84842,0.75136,0.40822,0.32444,0.82894,0.0044164,0.0044164,0.0044164
1694,20652.9,0.29636,0.18468,0.77399,0.90775,0.73971,0.84821,0.75121,0.40823,0.32412,0.82887,0.0044131,0.0044131,0.0044131
1695,20665.1,0.29506,0.18518,0.77496,0.90737,0.73971,0.84813,0.75131,0.40834,0.32428,0.8289,0.0044098,0.0044098,0.0044098
1696,20677.5,0.30963,0.19133,0.77521,0.90986,0.73882,0.84844,0.75131,0.40797,0.324,0.82874,0.0044065,0.0044065,0.0044065
1697,20689.7,0.29448,0.18379,0.77406,0.90937,0.73825,0.84789,0.75115,0.40799,0.324,0.82874,0.0044032,0.0044032,0.0044032
1698,20701.9,0.29416,0.18414,0.77491,0.90941,0.73829,0.84846,0.75133,0.40812,0.32398,0.82875,0.0043999,0.0043999,0.0043999
1699,20714.1,0.29167,0.18208,0.77564,0.91034,0.73775,0.84835,0.75129,0.40804,0.32426,0.82872,0.0043966,0.0043966,0.0043966
1700,20726.3,0.28867,0.18113,0.77307,0.91109,0.73757,0.84847,0.75137,0.40793,0.32401,0.82878,0.0043933,0.0043933,0.0043933
1701,20738.4,0.29061,0.18125,0.77506,0.91097,0.7374,0.84825,0.7511,0.40807,0.32387,0.82873,0.00439,0.00439,0.00439
1702,20750.7,0.29221,0.18448,0.77545,0.91136,0.73704,0.84816,0.7513,0.40791,0.32408,0.82869,0.0043867,0.0043867,0.0043867
1703,20763,0.3013,0.18733,0.77465,0.91106,0.73722,0.84817,0.75149,0.40775,0.32425,0.82864,0.0043834,0.0043834,0.0043834
1704,20775.2,0.3006,0.18621,0.77733,0.912,0.73668,0.84821,0.75167,0.40769,0.32418,0.82863,0.0043801,0.0043801,0.0043801
1705,20787.5,0.30326,0.18796,0.7757,0.91174,0.73597,0.84798,0.75143,0.40799,0.32434,0.82858,0.0043768,0.0043768,0.0043768
1706,20799.7,0.28924,0.18252,0.77491,0.91295,0.73597,0.84812,0.75141,0.40793,0.32417,0.82847,0.0043735,0.0043735,0.0043735
1707,20812,0.30555,0.18972,0.77512,0.91233,0.736,0.8479,0.75123,0.40765,0.32479,0.82839,0.0043702,0.0043702,0.0043702
1708,20824.2,0.2978,0.18444,0.77465,0.91282,0.7368,0.84807,0.75156,0.40753,0.32435,0.82851,0.0043669,0.0043669,0.0043669
1709,20836.5,0.2996,0.18736,0.77522,0.91316,0.7365,0.84814,0.75148,0.40781,0.32434,0.82852,0.0043636,0.0043636,0.0043636
1710,20848.8,0.29358,0.18315,0.77445,0.91336,0.73615,0.84799,0.75148,0.40791,0.32432,0.8285,0.0043603,0.0043603,0.0043603
1711,20861.1,0.29605,0.18795,0.77389,0.91375,0.7365,0.84775,0.75119,0.40802,0.32471,0.82849,0.004357,0.004357,0.004357
1712,20873.4,0.28552,0.17963,0.77427,0.91257,0.73704,0.84794,0.75137,0.40775,0.32483,0.82826,0.0043537,0.0043537,0.0043537
1713,20885.6,0.29555,0.18324,0.77404,0.91114,0.73668,0.84764,0.75097,0.40798,0.3248,0.82827,0.0043504,0.0043504,0.0043504
1714,20898.1,0.29177,0.18276,0.77406,0.91254,0.73722,0.84823,0.7512,0.40803,0.32472,0.82831,0.0043471,0.0043471,0.0043471
1715,20910.3,0.29524,0.18386,0.775,0.91316,0.7374,0.8482,0.75113,0.40834,0.32507,0.82841,0.0043438,0.0043438,0.0043438
1716,20922.7,0.28864,0.18191,0.77443,0.91395,0.73615,0.84813,0.75124,0.4089,0.32472,0.82918,0.0043405,0.0043405,0.0043405
1717,20934.8,0.29091,0.18325,0.77373,0.91324,0.73698,0.84853,0.7515,0.40918,0.32485,0.82925,0.0043372,0.0043372,0.0043372
1718,20946.9,0.29279,0.18745,0.77405,0.91453,0.73633,0.8485,0.75143,0.40904,0.32485,0.82928,0.0043339,0.0043339,0.0043339
1719,20958.9,0.30891,0.18817,0.7748,0.91455,0.73615,0.84826,0.75124,0.4091,0.32487,0.82928,0.0043306,0.0043306,0.0043306
1720,20971,0.29643,0.18611,0.776,0.91456,0.73615,0.84823,0.75137,0.40917,0.32498,0.82931,0.0043273,0.0043273,0.0043273
1721,20983.2,0.30021,0.18747,0.77542,0.91469,0.73597,0.84823,0.75131,0.40899,0.32492,0.82924,0.004324,0.004324,0.004324
1722,20995.3,0.29767,0.18378,0.77223,0.91392,0.73544,0.84797,0.75113,0.40897,0.32494,0.82924,0.0043207,0.0043207,0.0043207
1723,21007.3,0.28566,0.18013,0.77564,0.91432,0.73579,0.84843,0.75092,0.40907,0.32489,0.82922,0.0043174,0.0043174,0.0043174
1724,21019.4,0.29189,0.18262,0.77594,0.91432,0.73579,0.84837,0.75075,0.4093,0.32475,0.82926,0.0043141,0.0043141,0.0043141
1725,21031.4,0.28112,0.17811,0.77483,0.91385,0.73544,0.84808,0.75086,0.40918,0.32488,0.82914,0.0043108,0.0043108,0.0043108
1726,21043.4,0.2905,0.17962,0.7733,0.91362,0.73487,0.84804,0.75077,0.40922,0.32458,0.8291,0.0043075,0.0043075,0.0043075
1727,21055.5,0.28773,0.18432,0.77387,0.91253,0.73526,0.84781,0.75086,0.4092,0.32475,0.82919,0.0043042,0.0043042,0.0043042
1728,21067.8,0.29281,0.18235,0.77538,0.91111,0.73594,0.84812,0.75095,0.40918,0.32464,0.82911,0.0043009,0.0043009,0.0043009
1729,21080.1,0.29711,0.18548,0.77461,0.91106,0.73597,0.84809,0.75118,0.40942,0.32464,0.82925,0.0042976,0.0042976,0.0042976
1730,21092.4,0.29878,0.18578,0.7751,0.91086,0.73561,0.8481,0.75115,0.40937,0.32452,0.82909,0.0042943,0.0042943,0.0042943
1731,21104.7,0.29306,0.18446,0.77337,0.91093,0.73579,0.84814,0.75127,0.40938,0.32475,0.82916,0.004291,0.004291,0.004291
1732,21116.9,0.2954,0.18691,0.77355,0.91069,0.73544,0.8481,0.7516,0.40925,0.32495,0.82912,0.0042877,0.0042877,0.0042877
1733,21129.1,0.28961,0.18724,0.77648,0.9108,0.73544,0.8482,0.75163,0.4092,0.32512,0.82911,0.0042844,0.0042844,0.0042844
1734,21141.3,0.29906,0.18556,0.77362,0.91117,0.73579,0.84848,0.75146,0.40911,0.3253,0.8291,0.0042811,0.0042811,0.0042811
1735,21153.5,0.29685,0.18401,0.77331,0.91152,0.73615,0.84886,0.75163,0.40916,0.3255,0.82915,0.0042778,0.0042778,0.0042778
1736,21165.7,0.28892,0.1807,0.77425,0.91023,0.73521,0.84844,0.75158,0.40931,0.32563,0.82927,0.0042745,0.0042745,0.0042745
1737,21178,0.29305,0.18365,0.77665,0.90968,0.73508,0.84809,0.75147,0.40954,0.32582,0.82944,0.0042712,0.0042712,0.0042712
1738,21190.2,0.28955,0.18149,0.77464,0.91017,0.73526,0.84818,0.75166,0.40934,0.3256,0.82939,0.0042679,0.0042679,0.0042679
1739,21202.4,0.29031,0.18309,0.77431,0.9131,0.7349,0.84843,0.75187,0.4094,0.32531,0.82931,0.0042646,0.0042646,0.0042646
1740,21214.5,0.29678,0.18587,0.77595,0.91353,0.73454,0.84854,0.75163,0.40923,0.32537,0.82926,0.0042613,0.0042613,0.0042613
1741,21226.9,0.29816,0.18708,0.77539,0.91375,0.7349,0.84835,0.75153,0.40917,0.32559,0.82921,0.004258,0.004258,0.004258
1742,21239.3,0.2904,0.18362,0.77381,0.91475,0.73561,0.84904,0.75174,0.40921,0.32525,0.82928,0.0042547,0.0042547,0.0042547
1743,21251.5,0.29953,0.18706,0.77494,0.91425,0.7349,0.84896,0.75182,0.40918,0.3249,0.8292,0.0042514,0.0042514,0.0042514
1744,21263.8,0.30116,0.18657,0.77368,0.9146,0.73526,0.84888,0.75178,0.40877,0.32496,0.82906,0.0042481,0.0042481,0.0042481
1745,21276.2,0.29547,0.18439,0.77527,0.91485,0.73507,0.84905,0.75159,0.40922,0.32538,0.82906,0.0042448,0.0042448,0.0042448
1746,21288.4,0.29653,0.18505,0.77412,0.91448,0.73526,0.84894,0.75177,0.40902,0.32544,0.82908,0.0042415,0.0042415,0.0042415
1747,21300.6,0.28644,0.1832,0.77657,0.91509,0.73437,0.84942,0.75192,0.40898,0.32566,0.829,0.0042382,0.0042382,0.0042382
1748,21312.9,0.28441,0.17695,0.77298,0.91478,0.73437,0.84912,0.75175,0.40906,0.32571,0.8291,0.0042349,0.0042349,0.0042349
1749,21325.1,0.29505,0.18171,0.77384,0.91417,0.73365,0.84867,0.75196,0.40901,0.32585,0.82905,0.0042316,0.0042316,0.0042316
1750,21337.5,0.29099,0.1813,0.77385,0.90725,0.73717,0.84877,0.75179,0.40896,0.32605,0.82899,0.0042283,0.0042283,0.0042283
1751,21349.8,0.28676,0.18022,0.7753,0.90684,0.73703,0.84867,0.7521,0.40905,0.32569,0.82902,0.004225,0.004225,0.004225
1752,21362,0.2898,0.1808,0.77424,0.90737,0.73823,0.84922,0.75208,0.40927,0.32637,0.82907,0.0042217,0.0042217,0.0042217
1753,21374.1,0.29022,0.18181,0.77311,0.90736,0.73812,0.84923,0.75206,0.40911,0.32598,0.82898,0.0042184,0.0042184,0.0042184
1754,21386.4,0.29197,0.18372,0.77361,0.9072,0.73847,0.84921,0.75233,0.4093,0.32602,0.82903,0.0042151,0.0042151,0.0042151
1755,21398.7,0.29154,0.18318,0.7747,0.90725,0.739,0.84961,0.75214,0.4091,0.32593,0.82904,0.0042118,0.0042118,0.0042118
1756,21411,0.29342,0.1832,0.77403,0.90677,0.73864,0.84935,0.7523,0.40897,0.32599,0.82906,0.0042085,0.0042085,0.0042085
1757,21423.2,0.28909,0.18134,0.77227,0.90726,0.73864,0.84943,0.75207,0.40922,0.32629,0.82897,0.0042052,0.0042052,0.0042052
1758,21435.5,0.28985,0.18377,0.77503,0.90526,0.74131,0.84951,0.75217,0.40932,0.32631,0.82905,0.0042019,0.0042019,0.0042019
1759,21447.7,0.28703,0.18283,0.77254,0.90472,0.74093,0.84913,0.75215,0.40933,0.32655,0.82899,0.0041986,0.0041986,0.0041986
1760,21459.9,0.29499,0.18407,0.77321,0.90411,0.74074,0.84897,0.75203,0.40933,0.32668,0.82908,0.0041953,0.0041953,0.0041953
1761,21472.1,0.28435,0.17981,0.77274,0.9047,0.74131,0.84955,0.75208,0.40914,0.32675,0.82891,0.004192,0.004192,0.004192
1762,21484.4,0.29083,0.1813,0.77318,0.90373,0.74114,0.84913,0.75172,0.4092,0.3273,0.82902,0.0041887,0.0041887,0.0041887
1763,21496.5,0.28499,0.18237,0.77304,0.90347,0.74096,0.84929,0.75196,0.40937,0.3275,0.82905,0.0041854,0.0041854,0.0041854
1764,21508.6,0.28419,0.18353,0.77371,0.90233,0.74078,0.8491,0.75205,0.40934,0.32699,0.82897,0.0041821,0.0041821,0.0041821
1765,21520.8,0.2934,0.18231,0.77567,0.90433,0.74149,0.84937,0.75216,0.40954,0.32732,0.82905,0.0041788,0.0041788,0.0041788
1766,21532.9,0.2919,0.18359,0.77515,0.90439,0.74149,0.84934,0.75204,0.40951,0.32733,0.82912,0.0041755,0.0041755,0.0041755
1767,21545.1,0.29025,0.18248,0.77492,0.90355,0.74104,0.84905,0.75205,0.40956,0.32728,0.8291,0.0041722,0.0041722,0.0041722
1768,21557.3,0.28771,0.18215,0.77603,0.90378,0.74114,0.84906,0.75208,0.40923,0.32712,0.82902,0.0041689,0.0041689,0.0041689
1769,21569.4,0.28869,0.18073,0.77576,0.90219,0.74117,0.849,0.75203,0.40933,0.3274,0.82902,0.0041656,0.0041656,0.0041656
1770,21581.7,0.29133,0.18109,0.77429,0.90096,0.74131,0.84883,0.7521,0.40932,0.32702,0.82902,0.0041623,0.0041623,0.0041623
1771,21593.8,0.29001,0.18174,0.77608,0.90106,0.74152,0.84906,0.75214,0.40956,0.32744,0.82904,0.004159,0.004159,0.004159
1772,21605.9,0.28531,0.18165,0.77268,0.90035,0.7421,0.84876,0.75227,0.40919,0.32703,0.829,0.0041557,0.0041557,0.0041557
1773,21618.2,0.28537,0.18081,0.77372,0.90112,0.742,0.84871,0.75209,0.40924,0.32715,0.82904,0.0041524,0.0041524,0.0041524
1774,21630.5,0.29639,0.18654,0.77508,0.90086,0.74221,0.84871,0.75225,0.40945,0.32697,0.82909,0.0041491,0.0041491,0.0041491
1775,21642.6,0.29291,0.18482,0.77381,0.90111,0.74188,0.84878,0.7523,0.40963,0.32718,0.8291,0.0041458,0.0041458,0.0041458
1776,21654.9,0.29451,0.18391,0.77448,0.90186,0.74167,0.8489,0.75207,0.40951,0.32709,0.82904,0.0041425,0.0041425,0.0041425
1777,21667.2,0.27787,0.17904,0.7733,0.90086,0.74256,0.84887,0.75188,0.40943,0.32697,0.82897,0.0041392,0.0041392,0.0041392
1778,21679.4,0.29267,0.18491,0.77447,0.90061,0.74256,0.84891,0.75196,0.40943,0.32712,0.82906,0.0041359,0.0041359,0.0041359
1779,21691.7,0.30385,0.18507,0.77384,0.9009,0.74256,0.84887,0.75201,0.40964,0.32716,0.82907,0.0041326,0.0041326,0.0041326
1780,21703.9,0.2817,0.17773,0.77459,0.90093,0.74238,0.84889,0.75207,0.40959,0.32744,0.82897,0.0041293,0.0041293,0.0041293
1781,21716.1,0.29092,0.18192,0.77279,0.90011,0.74238,0.84896,0.75238,0.40958,0.32714,0.82895,0.004126,0.004126,0.004126
1782,21728.4,0.28266,0.17799,0.77419,0.9018,0.74203,0.84911,0.75251,0.40948,0.32734,0.82885,0.0041227,0.0041227,0.0041227
1783,21740.6,0.29132,0.18158,0.77393,0.90029,0.74238,0.84891,0.75248,0.40947,0.32734,0.8289,0.0041194,0.0041194,0.0041194
1784,21752.8,0.28987,0.18313,0.77328,0.90026,0.74292,0.8492,0.75277,0.40959,0.32753,0.82884,0.0041161,0.0041161,0.0041161
1785,21765.1,0.28819,0.18186,0.77365,0.90028,0.74256,0.84902,0.75269,0.40942,0.32786,0.82867,0.0041128,0.0041128,0.0041128
1786,21777.3,0.30925,0.18494,0.77551,0.90605,0.74051,0.84882,0.7526,0.40962,0.32774,0.82873,0.0041095,0.0041095,0.0041095
1787,21789.6,0.29279,0.18255,0.77364,0.90624,0.74049,0.84892,0.75257,0.40955,0.32766,0.82877,0.0041062,0.0041062,0.0041062
1788,21801.9,0.28706,0.1782,0.77469,0.90057,0.74256,0.84895,0.75256,0.4097,0.32781,0.82882,0.0041029,0.0041029,0.0041029
1789,21814.1,0.28879,0.18117,0.7756,0.90619,0.74096,0.84903,0.75244,0.40959,0.32791,0.82879,0.0040996,0.0040996,0.0040996
1790,21826.4,0.29109,0.18267,0.77382,0.90463,0.74015,0.84841,0.7524,0.4095,0.32798,0.82878,0.0040963,0.0040963,0.0040963
1791,21838.5,0.28699,0.18076,0.77352,0.90558,0.7406,0.84866,0.75251,0.40965,0.32819,0.82877,0.004093,0.004093,0.004093
1792,21850.8,0.29551,0.18444,0.77388,0.90535,0.74078,0.84854,0.75228,0.40973,0.3282,0.82877,0.0040897,0.0040897,0.0040897
1793,21863.1,0.28846,0.181,0.77494,0.90599,0.74004,0.84896,0.75253,0.40953,0.3278,0.82869,0.0040864,0.0040864,0.0040864
1794,21875.4,0.29467,0.18578,0.77286,0.90539,0.73996,0.8488,0.75244,0.40984,0.32818,0.82872,0.0040831,0.0040831,0.0040831
1795,21887.6,0.28959,0.18209,0.7734,0.90507,0.73989,0.84881,0.7526,0.40972,0.32816,0.82875,0.0040798,0.0040798,0.0040798
1796,21899.7,0.28131,0.17694,0.77501,0.90549,0.74025,0.84911,0.75285,0.4096,0.32814,0.82872,0.0040765,0.0040765,0.0040765
1797,21912,0.29096,0.18162,0.7753,0.90011,0.74327,0.84923,0.75292,0.40981,0.32801,0.8288,0.0040732,0.0040732,0.0040732
1798,21924.3,0.28548,0.17882,0.7745,0.89757,0.74468,0.84935,0.753,0.40978,0.32842,0.82877,0.0040699,0.0040699,0.0040699
1799,21936.6,0.29318,0.18567,0.77424,0.89757,0.74506,0.84938,0.75313,0.4097,0.32858,0.82875,0.0040666,0.0040666,0.0040666
1800,21948.7,0.27665,0.17613,0.77409,0.89671,0.74434,0.84907,0.75296,0.40948,0.32843,0.82877,0.0040633,0.0040633,0.0040633
1801,21960.9,0.28568,0.1789,0.77271,0.89706,0.74521,0.84929,0.75303,0.40941,0.32858,0.8287,0.00406,0.00406,0.00406
1802,21973,0.28646,0.18119,0.77247,0.89768,0.74396,0.84929,0.75296,0.40948,0.32841,0.82876,0.0040567,0.0040567,0.0040567
1803,21985.2,0.2851,0.17944,0.77396,0.89761,0.74559,0.84958,0.75299,0.40971,0.32842,0.82874,0.0040534,0.0040534,0.0040534
1804,21997.4,0.28961,0.18295,0.77455,0.89974,0.74292,0.84921,0.75273,0.40956,0.3285,0.82872,0.0040501,0.0040501,0.0040501
1805,22009.8,0.29143,0.1812,0.77394,0.8975,0.74541,0.84976,0.75283,0.40957,0.3288,0.82874,0.0040468,0.0040468,0.0040468
1806,22022.2,0.29409,0.18068,0.77347,0.90027,0.74298,0.84936,0.75296,0.40977,0.32814,0.82883,0.0040435,0.0040435,0.0040435
1807,22034.2,0.28604,0.17953,0.77291,0.89713,0.74523,0.84937,0.75288,0.40955,0.32848,0.82872,0.0040402,0.0040402,0.0040402
1808,22046.5,0.28521,0.18126,0.77615,0.89804,0.74577,0.84984,0.75285,0.40969,0.32899,0.82871,0.0040369,0.0040369,0.0040369
1809,22058.7,0.29938,0.18262,0.77471,0.89751,0.74559,0.8496,0.75294,0.40945,0.32846,0.82866,0.0040336,0.0040336,0.0040336
1810,22070.9,0.2899,0.18239,0.77596,0.89733,0.74523,0.84929,0.75308,0.40972,0.32905,0.82879,0.0040303,0.0040303,0.0040303
1811,22083,0.29045,0.18273,0.7751,0.89766,0.74541,0.84923,0.753,0.40948,0.32881,0.82865,0.004027,0.004027,0.004027
1812,22095.2,0.28404,0.17931,0.77231,0.89712,0.74568,0.84957,0.75324,0.40951,0.32894,0.8286,0.0040237,0.0040237,0.0040237
1813,22107.4,0.28688,0.17816,0.77415,0.89696,0.74506,0.84894,0.75303,0.40977,0.32945,0.82872,0.0040204,0.0040204,0.0040204
1814,22119.6,0.29242,0.18161,0.77454,0.89713,0.74578,0.84925,0.75304,0.40984,0.32939,0.82873,0.0040171,0.0040171,0.0040171
1815,22131.9,0.28951,0.17978,0.77541,0.89711,0.7456,0.84927,0.75314,0.40922,0.32948,0.82795,0.0040138,0.0040138,0.0040138
1816,22144,0.28323,0.17715,0.77334,0.89689,0.74613,0.84936,0.75313,0.40942,0.32954,0.82794,0.0040105,0.0040105,0.0040105
1817,22156.2,0.28263,0.17952,0.77266,0.89721,0.7464,0.84916,0.75309,0.40947,0.32969,0.82791,0.0040072,0.0040072,0.0040072
1818,22168.4,0.2885,0.17992,0.77466,0.89688,0.7463,0.84924,0.75293,0.40946,0.32944,0.82794,0.0040039,0.0040039,0.0040039
1819,22180.4,0.28442,0.17955,0.77367,0.89623,0.74577,0.84884,0.75286,0.40944,0.32943,0.8279,0.0040006,0.0040006,0.0040006
1820,22192.7,0.27734,0.18325,0.77582,0.89628,0.74577,0.84873,0.75283,0.40936,0.32968,0.82785,0.0039973,0.0039973,0.0039973
1821,22204.9,0.28649,0.17899,0.77403,0.89662,0.74634,0.84918,0.75291,0.40928,0.32953,0.82785,0.003994,0.003994,0.003994
1822,22217.2,0.28015,0.17717,0.77121,0.89836,0.74329,0.849,0.75325,0.40919,0.32971,0.82784,0.0039907,0.0039907,0.0039907
1823,22229.5,0.28876,0.18198,0.77439,0.89568,0.74577,0.84912,0.75332,0.40945,0.32992,0.82783,0.0039874,0.0039874,0.0039874
1824,22241.8,0.29252,0.18285,0.77351,0.89768,0.74256,0.84883,0.75317,0.4094,0.33,0.82784,0.0039841,0.0039841,0.0039841
1825,22254.1,0.28575,0.18046,0.77468,0.8969,0.7439,0.84873,0.75319,0.40948,0.33015,0.82787,0.0039808,0.0039808,0.0039808
1826,22266.3,0.29477,0.18194,0.77383,0.89616,0.74452,0.84835,0.75288,0.40958,0.33034,0.82789,0.0039775,0.0039775,0.0039775
1827,22278.6,0.29777,0.18756,0.7741,0.8959,0.74434,0.84812,0.75274,0.40972,0.33048,0.82789,0.0039742,0.0039742,0.0039742
1828,22290.8,0.29103,0.18363,0.77533,0.89645,0.74492,0.84845,0.75288,0.40988,0.33007,0.82789,0.0039709,0.0039709,0.0039709
1829,22302.9,0.29231,0.18518,0.77425,0.90047,0.74149,0.84883,0.75307,0.40975,0.33013,0.82794,0.0039676,0.0039676,0.0039676
1830,22315.3,0.29069,0.18212,0.77385,0.9,0.74149,0.84883,0.75288,0.40989,0.32996,0.8279,0.0039643,0.0039643,0.0039643
1831,22327.5,0.29446,0.18626,0.77411,0.89989,0.74131,0.84879,0.75289,0.40991,0.32998,0.82788,0.003961,0.003961,0.003961
1832,22339.7,0.28473,0.1815,0.77155,0.90555,0.73962,0.84876,0.75316,0.40998,0.32967,0.82781,0.0039577,0.0039577,0.0039577
1833,22352,0.28314,0.17999,0.77102,0.89804,0.7431,0.84868,0.75298,0.40963,0.32961,0.82779,0.0039544,0.0039544,0.0039544
1834,22364.2,0.29097,0.18084,0.77439,0.89933,0.74149,0.84845,0.75316,0.40979,0.32993,0.82783,0.0039511,0.0039511,0.0039511
1835,22376.5,0.27663,0.17746,0.77273,0.90486,0.73918,0.84908,0.75314,0.40983,0.32987,0.82785,0.0039478,0.0039478,0.0039478
1836,22388.5,0.28785,0.18477,0.77322,0.89782,0.74256,0.84889,0.75304,0.40966,0.3301,0.82765,0.0039445,0.0039445,0.0039445
1837,22400.8,0.28373,0.17755,0.77612,0.89711,0.74405,0.84858,0.75301,0.40984,0.33053,0.82774,0.0039412,0.0039412,0.0039412
1838,22413,0.28881,0.18088,0.77404,0.89721,0.74399,0.84917,0.75293,0.40948,0.32994,0.82766,0.0039379,0.0039379,0.0039379
1839,22425.2,0.29191,0.18434,0.77331,0.90454,0.73882,0.84891,0.75302,0.40948,0.32985,0.8277,0.0039346,0.0039346,0.0039346
1840,22437.4,0.28704,0.17814,0.77435,0.89816,0.74256,0.84909,0.75317,0.40956,0.32973,0.82762,0.0039313,0.0039313,0.0039313
1841,22449.7,0.29252,0.18353,0.77431,0.89791,0.74256,0.84922,0.7531,0.40962,0.3297,0.8277,0.003928,0.003928,0.003928
1842,22462,0.28634,0.17786,0.77501,0.89707,0.74219,0.84864,0.75301,0.40951,0.32986,0.82765,0.0039247,0.0039247,0.0039247
1843,22474.2,0.28545,0.18085,0.7732,0.90283,0.73936,0.84884,0.75325,0.40963,0.33026,0.82767,0.0039214,0.0039214,0.0039214
1844,22486.4,0.29287,0.18228,0.77445,0.89619,0.74399,0.84912,0.75311,0.40982,0.33055,0.82773,0.0039181,0.0039181,0.0039181
1845,22498.6,0.28687,0.17935,0.77401,0.9036,0.73971,0.84911,0.75304,0.40977,0.33017,0.82768,0.0039148,0.0039148,0.0039148
1846,22510.8,0.28796,0.18176,0.77717,0.89672,0.74403,0.84915,0.75299,0.40971,0.32993,0.82767,0.0039115,0.0039115,0.0039115
1847,22523.1,0.30425,0.18601,0.77604,0.89605,0.74345,0.8488,0.75293,0.40985,0.33033,0.82763,0.0039082,0.0039082,0.0039082
1848,22535.2,0.2883,0.18196,0.77383,0.89688,0.74374,0.84913,0.75344,0.4101,0.33076,0.82775,0.0039049,0.0039049,0.0039049
1849,22547.4,0.28325,0.1782,0.77383,0.89686,0.74381,0.84917,0.75314,0.40969,0.33034,0.82763,0.0039016,0.0039016,0.0039016
1850,22559.6,0.28937,0.18119,0.77465,0.89652,0.74381,0.8492,0.75326,0.40978,0.33022,0.82772,0.0038983,0.0038983,0.0038983
1851,22571.8,0.28675,0.17877,0.77544,0.89633,0.74381,0.84914,0.75323,0.41004,0.33083,0.82779,0.003895,0.003895,0.003895
1852,22584.1,0.29055,0.1789,0.77471,0.89552,0.74516,0.84945,0.75319,0.40979,0.33005,0.82767,0.0038917,0.0038917,0.0038917
1853,22596.3,0.27442,0.17631,0.77241,0.89599,0.74345,0.84874,0.7529,0.41002,0.33062,0.82769,0.0038884,0.0038884,0.0038884
1854,22608.4,0.27758,0.17576,0.77386,0.89536,0.74327,0.84858,0.75275,0.40987,0.33088,0.82768,0.0038851,0.0038851,0.0038851
1855,22620.7,0.28765,0.17925,0.77519,0.89501,0.74419,0.84901,0.75295,0.41005,0.33091,0.82768,0.0038818,0.0038818,0.0038818
1856,22633,0.28586,0.17936,0.77342,0.89439,0.74386,0.84878,0.75272,0.41012,0.33084,0.82768,0.0038785,0.0038785,0.0038785
1857,22645.3,0.28395,0.17699,0.77314,0.89544,0.74459,0.84926,0.75292,0.41024,0.33084,0.82768,0.0038752,0.0038752,0.0038752
1858,22657.5,0.28198,0.17661,0.77289,0.89484,0.74435,0.84932,0.75289,0.41024,0.33095,0.82767,0.0038719,0.0038719,0.0038719
1859,22669.7,0.28388,0.17745,0.774,0.89501,0.74452,0.84918,0.75268,0.40994,0.33092,0.82761,0.0038686,0.0038686,0.0038686
1860,22681.9,0.28619,0.17994,0.77624,0.89585,0.74363,0.84909,0.75251,0.40998,0.33067,0.82758,0.0038653,0.0038653,0.0038653
1861,22694.2,0.28558,0.17815,0.77409,0.89463,0.74434,0.84904,0.75275,0.41012,0.33096,0.82763,0.003862,0.003862,0.003862
1862,22706.5,0.28271,0.17705,0.77297,0.89405,0.74434,0.84864,0.75296,0.40997,0.33055,0.82755,0.0038587,0.0038587,0.0038587
1863,22718.8,0.3009,0.18481,0.77521,0.89604,0.74417,0.84896,0.75295,0.41002,0.33039,0.82758,0.0038554,0.0038554,0.0038554
1864,22731,0.29136,0.18101,0.77377,0.89587,0.74434,0.84923,0.75312,0.40986,0.33035,0.82753,0.0038521,0.0038521,0.0038521
1865,22743.3,0.27992,0.17587,0.77254,0.895,0.74381,0.84883,0.75281,0.41003,0.33041,0.82761,0.0038488,0.0038488,0.0038488
1866,22755.5,0.29289,0.18096,0.77643,0.89539,0.74413,0.84913,0.75297,0.41005,0.33068,0.82747,0.0038455,0.0038455,0.0038455
1867,22767.8,0.28027,0.1776,0.77369,0.8949,0.74363,0.84855,0.75252,0.41001,0.33103,0.82753,0.0038422,0.0038422,0.0038422
1868,22780.1,0.2863,0.1783,0.77307,0.89512,0.74381,0.84879,0.75288,0.41028,0.33098,0.8276,0.0038389,0.0038389,0.0038389
1869,22792.4,0.29246,0.17999,0.77202,0.89471,0.74381,0.84849,0.75256,0.41041,0.33116,0.82762,0.0038356,0.0038356,0.0038356
1870,22804.6,0.2846,0.17916,0.77472,0.89524,0.74399,0.84887,0.75298,0.41032,0.33131,0.82747,0.0038323,0.0038323,0.0038323
1871,22816.8,0.27895,0.17743,0.77395,0.89535,0.74434,0.84904,0.75263,0.41048,0.33135,0.82755,0.003829,0.003829,0.003829
1872,22829,0.27699,0.17638,0.77494,0.89574,0.74434,0.84917,0.75286,0.41054,0.33152,0.82753,0.0038257,0.0038257,0.0038257
1873,22841.1,0.28405,0.18069,0.77512,0.89596,0.74452,0.84925,0.75291,0.41046,0.33082,0.82749,0.0038224,0.0038224,0.0038224
1874,22853.4,0.2942,0.18179,0.77406,0.89621,0.74452,0.84935,0.75309,0.41049,0.33117,0.82743,0.0038191,0.0038191,0.0038191
1875,22865.7,0.28301,0.17611,0.77442,0.89584,0.74452,0.84936,0.75297,0.41046,0.33101,0.82743,0.0038158,0.0038158,0.0038158
1876,22877.9,0.29744,0.1853,0.77572,0.89615,0.7447,0.84934,0.75306,0.41035,0.33112,0.82732,0.0038125,0.0038125,0.0038125
1877,22890.1,0.27839,0.17628,0.77333,0.89596,0.7447,0.84954,0.75292,0.41026,0.33102,0.82726,0.0038092,0.0038092,0.0038092
1878,22902.3,0.28428,0.17726,0.77241,0.89659,0.74488,0.8497,0.75336,0.41036,0.33123,0.82726,0.0038059,0.0038059,0.0038059
1879,22914.6,0.28426,0.18026,0.77305,0.89628,0.74452,0.84921,0.75313,0.41062,0.3312,0.82728,0.0038026,0.0038026,0.0038026
1880,22926.8,0.28602,0.18037,0.77406,0.89646,0.74503,0.84962,0.75337,0.41057,0.33123,0.82721,0.0037993,0.0037993,0.0037993
1881,22938.9,0.28085,0.17621,0.77341,0.89602,0.7447,0.84921,0.75321,0.41046,0.33159,0.82716,0.003796,0.003796,0.003796
1882,22951.1,0.27329,0.17179,0.77298,0.89619,0.74438,0.84964,0.75298,0.4109,0.33157,0.82725,0.0037927,0.0037927,0.0037927
1883,22963.3,0.27212,0.17228,0.77192,0.89666,0.74488,0.84944,0.7529,0.41083,0.33135,0.82717,0.0037894,0.0037894,0.0037894
1884,22975.5,0.28018,0.17518,0.77367,0.896,0.74488,0.84924,0.75317,0.41066,0.33135,0.82711,0.0037861,0.0037861,0.0037861
1885,22987.6,0.28118,0.17799,0.77533,0.89676,0.74541,0.84939,0.75329,0.41059,0.33164,0.82714,0.0037828,0.0037828,0.0037828
1886,22999.8,0.29239,0.18246,0.77342,0.89664,0.7449,0.84929,0.75311,0.41089,0.3316,0.82722,0.0037795,0.0037795,0.0037795
1887,23012,0.29385,0.17952,0.77362,0.89667,0.74452,0.849,0.75292,0.41096,0.33179,0.82716,0.0037762,0.0037762,0.0037762
1888,23024.2,0.28847,0.18176,0.77399,0.89709,0.74387,0.84902,0.753,0.41072,0.33182,0.82696,0.0037729,0.0037729,0.0037729
1889,23036.4,0.28324,0.1799,0.77396,0.89818,0.74336,0.84909,0.75265,0.41091,0.33192,0.82702,0.0037696,0.0037696,0.0037696
1890,23048.5,0.27812,0.17595,0.77344,0.89821,0.74327,0.84903,0.75266,0.41087,0.33194,0.82701,0.0037663,0.0037663,0.0037663
1891,23060.6,0.28333,0.17565,0.77375,0.8964,0.74434,0.84909,0.75264,0.41103,0.33209,0.82708,0.003763,0.003763,0.003763
1892,23072.9,0.28208,0.17805,0.77603,0.89765,0.74381,0.84913,0.75285,0.41104,0.33217,0.82712,0.0037597,0.0037597,0.0037597
1893,23085.1,0.28094,0.17602,0.77305,0.89633,0.74363,0.84865,0.75272,0.41092,0.33216,0.82709,0.0037564,0.0037564,0.0037564
1894,23097.4,0.29198,0.18068,0.77648,0.89644,0.7431,0.84897,0.75297,0.41065,0.3328,0.82707,0.0037531,0.0037531,0.0037531
1895,23109.6,0.27812,0.17622,0.77441,0.8964,0.74302,0.84889,0.75267,0.41121,0.33275,0.82706,0.0037498,0.0037498,0.0037498
1896,23121.8,0.292,0.18125,0.77424,0.89641,0.74292,0.84906,0.75283,0.41088,0.3327,0.82703,0.0037465,0.0037465,0.0037465
1897,23133.9,0.27601,0.17591,0.77285,0.89802,0.74205,0.84904,0.75281,0.41107,0.333,0.82711,0.0037432,0.0037432,0.0037432
1898,23146.2,0.28591,0.17924,0.77483,0.89817,0.74171,0.84882,0.75285,0.41108,0.33285,0.82717,0.0037399,0.0037399,0.0037399
1899,23158.4,0.28022,0.17468,0.77197,0.89678,0.74295,0.84917,0.7528,0.41113,0.33288,0.82715,0.0037366,0.0037366,0.0037366
1900,23170.5,0.27672,0.17436,0.77401,0.89706,0.74292,0.84909,0.75322,0.41114,0.33294,0.82712,0.0037333,0.0037333,0.0037333
1901,23182.7,0.27835,0.17686,0.77289,0.89748,0.74327,0.84934,0.75309,0.41124,0.33315,0.82711,0.00373,0.00373,0.00373
1902,23194.9,0.27517,0.17732,0.77184,0.89742,0.74327,0.84939,0.75333,0.41119,0.33326,0.82716,0.0037267,0.0037267,0.0037267
1903,23207,0.27821,0.17581,0.77248,0.89783,0.74369,0.84954,0.75305,0.41119,0.33343,0.82704,0.0037234,0.0037234,0.0037234
1904,23219.2,0.27838,0.175,0.77198,0.89751,0.74327,0.84925,0.75283,0.41117,0.33389,0.82706,0.0037201,0.0037201,0.0037201
1905,23231.5,0.27411,0.17434,0.77355,0.89824,0.74381,0.84952,0.7528,0.41121,0.3336,0.82704,0.0037168,0.0037168,0.0037168
1906,23243.8,0.28191,0.17649,0.7736,0.89742,0.74348,0.84919,0.75304,0.41129,0.33364,0.82707,0.0037135,0.0037135,0.0037135
1907,23256.1,0.28677,0.17848,0.77341,0.89765,0.74327,0.84918,0.75285,0.41119,0.33377,0.8269,0.0037102,0.0037102,0.0037102
1908,23268.2,0.29158,0.17978,0.77545,0.89751,0.74345,0.84937,0.75307,0.41113,0.3337,0.82692,0.0037069,0.0037069,0.0037069
1909,23280.3,0.27765,0.17493,0.77291,0.89784,0.74399,0.84964,0.75323,0.41109,0.3341,0.82692,0.0037036,0.0037036,0.0037036
1910,23292.4,0.27888,0.17539,0.77429,0.89739,0.74363,0.84941,0.75307,0.41107,0.3339,0.82691,0.0037003,0.0037003,0.0037003
1911,23304.7,0.28032,0.17618,0.77305,0.89735,0.74363,0.8493,0.75299,0.41125,0.33426,0.82696,0.003697,0.003697,0.003697
1912,23316.9,0.28875,0.18205,0.77372,0.89824,0.74434,0.85006,0.75354,0.41097,0.33424,0.82688,0.0036937,0.0036937,0.0036937
1913,23329.1,0.27812,0.17439,0.77287,0.89719,0.74363,0.84941,0.75361,0.41105,0.33419,0.8269,0.0036904,0.0036904,0.0036904
1914,23341.5,0.28404,0.17558,0.77298,0.89754,0.74363,0.84947,0.75371,0.41125,0.33436,0.82698,0.0036871,0.0036871,0.0036871
1915,23353.8,0.27374,0.17415,0.77363,0.89747,0.74363,0.8494,0.7535,0.41122,0.33452,0.82689,0.0036838,0.0036838,0.0036838
1916,23366,0.27848,0.17629,0.77151,0.89744,0.74363,0.84946,0.75361,0.41137,0.33454,0.82697,0.0036805,0.0036805,0.0036805
1917,23378.3,0.27032,0.17106,0.77279,0.89723,0.74345,0.84939,0.75356,0.41136,0.33464,0.82691,0.0036772,0.0036772,0.0036772
1918,23390.3,0.28153,0.17989,0.77301,0.89742,0.74345,0.84942,0.75354,0.41113,0.33449,0.82683,0.0036739,0.0036739,0.0036739
1919,23402.4,0.27539,0.1748,0.77168,0.897,0.7431,0.84926,0.75318,0.41118,0.33487,0.82681,0.0036706,0.0036706,0.0036706
1920,23414.6,0.27566,0.1733,0.77319,0.89678,0.74345,0.8494,0.7532,0.4111,0.33477,0.82674,0.0036673,0.0036673,0.0036673
1921,23426.8,0.27798,0.17505,0.77351,0.89603,0.74312,0.84919,0.75327,0.41127,0.33491,0.82689,0.003664,0.003664,0.003664
1922,23439.1,0.28007,0.17321,0.77251,0.89646,0.74349,0.84944,0.75356,0.41131,0.3349,0.82683,0.0036607,0.0036607,0.0036607
1923,23451.3,0.27561,0.17426,0.77342,0.89673,0.74345,0.84933,0.75344,0.41123,0.33447,0.82683,0.0036574,0.0036574,0.0036574
1924,23463.5,0.27356,0.17217,0.77117,0.8963,0.7431,0.84927,0.75334,0.41115,0.33441,0.82679,0.0036541,0.0036541,0.0036541
1925,23475.7,0.27978,0.17471,0.77291,0.89675,0.74363,0.84956,0.75365,0.41139,0.33466,0.82689,0.0036508,0.0036508,0.0036508
1926,23487.9,0.27842,0.17476,0.77238,0.8967,0.74327,0.84945,0.75352,0.41131,0.33509,0.82692,0.0036475,0.0036475,0.0036475
1927,23500.2,0.28012,0.17524,0.77221,0.89651,0.74327,0.84942,0.75329,0.41134,0.33497,0.82688,0.0036442,0.0036442,0.0036442
1928,23512.4,0.28262,0.17739,0.77277,0.89726,0.74345,0.84942,0.7535,0.41132,0.33504,0.82685,0.0036409,0.0036409,0.0036409
1929,23524.6,0.28132,0.17479,0.77212,0.89719,0.74345,0.84966,0.75361,0.41128,0.33512,0.82679,0.0036376,0.0036376,0.0036376
1930,23536.7,0.27877,0.17679,0.77301,0.89692,0.74345,0.84944,0.75351,0.41121,0.3349,0.82674,0.0036343,0.0036343,0.0036343
1931,23549,0.27087,0.17147,0.77126,0.89723,0.74345,0.84949,0.75373,0.41111,0.33513,0.82669,0.003631,0.003631,0.003631
1932,23561.3,0.26572,0.17074,0.77453,0.89685,0.74345,0.84948,0.75373,0.41131,0.33537,0.82682,0.0036277,0.0036277,0.0036277
1933,23573.5,0.27362,0.17371,0.77362,0.89684,0.74344,0.84948,0.75386,0.41122,0.33541,0.82682,0.0036244,0.0036244,0.0036244
1934,23596.4,0.27635,0.17343,0.77342,0.89661,0.74316,0.84929,0.75374,0.41134,0.33533,0.82684,0.0036211,0.0036211,0.0036211
1935,23608.6,0.27637,0.17282,0.77319,0.89683,0.74327,0.84941,0.75371,0.41151,0.33522,0.82686,0.0036178,0.0036178,0.0036178
1936,23620.8,0.27788,0.17278,0.77305,0.89669,0.7431,0.84938,0.75378,0.41121,0.33571,0.82679,0.0036145,0.0036145,0.0036145
1937,23633,0.27669,0.17064,0.77147,0.8972,0.74327,0.84937,0.75355,0.41158,0.33596,0.82687,0.0036112,0.0036112,0.0036112
1938,23645.1,0.2832,0.17645,0.77293,0.89697,0.74345,0.84968,0.75379,0.41154,0.33593,0.82683,0.0036079,0.0036079,0.0036079
1939,23657.3,0.27931,0.17405,0.77282,0.89699,0.7431,0.84919,0.75348,0.41178,0.33632,0.82697,0.0036046,0.0036046,0.0036046
1940,23669.3,0.28434,0.17616,0.77339,0.89657,0.74285,0.84911,0.75359,0.41167,0.33601,0.82689,0.0036013,0.0036013,0.0036013
1941,23681.4,0.27902,0.17603,0.7745,0.89649,0.74274,0.84917,0.75358,0.41189,0.33605,0.82688,0.003598,0.003598,0.003598
1942,23693.6,0.27352,0.17303,0.77397,0.89668,0.74274,0.84918,0.75348,0.41193,0.33657,0.82694,0.0035947,0.0035947,0.0035947
1943,23705.7,0.28058,0.17533,0.77373,0.89615,0.74292,0.84921,0.75374,0.41181,0.33626,0.82691,0.0035914,0.0035914,0.0035914
1944,23717.9,0.28226,0.17609,0.77326,0.89605,0.74328,0.84926,0.75356,0.4121,0.33651,0.82688,0.0035881,0.0035881,0.0035881
1945,23730.1,0.27998,0.1741,0.77361,0.89663,0.74292,0.84938,0.75339,0.41207,0.33625,0.82684,0.0035848,0.0035848,0.0035848
1946,23742.3,0.2835,0.17919,0.77477,0.89724,0.74274,0.8493,0.75329,0.41214,0.33648,0.8269,0.0035815,0.0035815,0.0035815
1947,23754.4,0.27306,0.17385,0.77348,0.8971,0.74242,0.84918,0.75321,0.41207,0.33617,0.8269,0.0035782,0.0035782,0.0035782
1948,23766.6,0.2769,0.17143,0.77183,0.89639,0.74203,0.84887,0.75334,0.4123,0.33615,0.82689,0.0035749,0.0035749,0.0035749
1949,23778.7,0.28142,0.17385,0.77306,0.89719,0.74221,0.84894,0.75345,0.41257,0.33668,0.82691,0.0035716,0.0035716,0.0035716
1950,23790.8,0.28121,0.17646,0.77185,0.89734,0.74238,0.84903,0.75348,0.4126,0.33654,0.82687,0.0035683,0.0035683,0.0035683
1951,23802.9,0.27422,0.17234,0.77295,0.89592,0.74223,0.84887,0.75362,0.41245,0.33624,0.82686,0.003565,0.003565,0.003565
1952,23815.1,0.2701,0.1703,0.77292,0.89606,0.74238,0.84881,0.75352,0.41223,0.3365,0.82683,0.0035617,0.0035617,0.0035617
1953,23827.1,0.27405,0.17339,0.77195,0.89656,0.74275,0.84883,0.75333,0.41254,0.33651,0.82699,0.0035584,0.0035584,0.0035584
1954,23839.3,0.28472,0.17688,0.77456,0.89582,0.74203,0.84842,0.75318,0.41246,0.33626,0.82693,0.0035551,0.0035551,0.0035551
1955,23851.3,0.27067,0.17281,0.77265,0.89564,0.74158,0.84831,0.75279,0.4123,0.33638,0.82693,0.0035518,0.0035518,0.0035518
1956,23863.5,0.27819,0.17379,0.77357,0.89594,0.74167,0.84853,0.75304,0.41235,0.3365,0.82679,0.0035485,0.0035485,0.0035485
1957,23875.7,0.29057,0.17797,0.77265,0.89606,0.74183,0.8484,0.75298,0.41235,0.33679,0.82683,0.0035452,0.0035452,0.0035452
1958,23887.8,0.27476,0.17384,0.77423,0.89624,0.74172,0.84834,0.75314,0.4121,0.33631,0.82677,0.0035419,0.0035419,0.0035419
1959,23899.9,0.27327,0.17475,0.77165,0.89605,0.74174,0.84855,0.75319,0.41214,0.33696,0.82677,0.0035386,0.0035386,0.0035386
1960,23912.1,0.2797,0.17511,0.77124,0.89587,0.74183,0.84841,0.75329,0.41202,0.3367,0.82673,0.0035353,0.0035353,0.0035353
1961,23924.3,0.2769,0.1719,0.77283,0.89588,0.7419,0.84864,0.75304,0.41209,0.33732,0.82674,0.003532,0.003532,0.003532
1962,23936.5,0.28308,0.1755,0.77331,0.89627,0.74185,0.84844,0.75312,0.41215,0.33687,0.82672,0.0035287,0.0035287,0.0035287
1963,23948.5,0.27976,0.17238,0.77495,0.89572,0.74185,0.84862,0.7533,0.41209,0.33691,0.82674,0.0035254,0.0035254,0.0035254
1964,23960.6,0.27891,0.175,0.77592,0.89654,0.74203,0.84841,0.75288,0.41232,0.33697,0.82678,0.0035221,0.0035221,0.0035221
1965,23972.7,0.27809,0.17692,0.77371,0.89616,0.74185,0.84849,0.7528,0.41245,0.33704,0.82684,0.0035188,0.0035188,0.0035188
1966,23984.8,0.28556,0.17936,0.77371,0.89627,0.74196,0.84854,0.75309,0.41243,0.33724,0.82682,0.0035155,0.0035155,0.0035155
1967,23996.8,0.27659,0.17442,0.77304,0.89625,0.74178,0.84838,0.7528,0.41239,0.33758,0.82681,0.0035122,0.0035122,0.0035122
1968,24009,0.28338,0.17819,0.77389,0.89636,0.74185,0.84833,0.75278,0.41235,0.33734,0.82681,0.0035089,0.0035089,0.0035089
1969,24021,0.27591,0.17365,0.77267,0.89633,0.74203,0.84847,0.75295,0.41224,0.33767,0.82679,0.0035056,0.0035056,0.0035056
1970,24033.2,0.29058,0.17845,0.7742,0.8963,0.74203,0.84845,0.75273,0.4123,0.33762,0.82676,0.0035023,0.0035023,0.0035023
1971,24045.4,0.27909,0.17456,0.77336,0.89627,0.74199,0.84841,0.75299,0.41239,0.33735,0.82674,0.003499,0.003499,0.003499
1972,24057.6,0.28232,0.17634,0.77435,0.89639,0.74203,0.84852,0.75297,0.41261,0.33763,0.82678,0.0034957,0.0034957,0.0034957
1973,24069.7,0.27866,0.17482,0.77573,0.89757,0.74221,0.84878,0.75284,0.41247,0.33799,0.82676,0.0034924,0.0034924,0.0034924
1974,24081.9,0.27753,0.17355,0.77478,0.89694,0.74238,0.84879,0.75295,0.4122,0.33757,0.82663,0.0034891,0.0034891,0.0034891
1975,24094,0.27951,0.17447,0.77255,0.8973,0.74251,0.84887,0.75271,0.41223,0.33758,0.82666,0.0034858,0.0034858,0.0034858
1976,24106.2,0.29047,0.17765,0.77292,0.89627,0.74193,0.84862,0.75276,0.41237,0.33807,0.82662,0.0034825,0.0034825,0.0034825
1977,24118.4,0.28304,0.17593,0.77201,0.89668,0.74214,0.84891,0.75305,0.41259,0.33818,0.82669,0.0034792,0.0034792,0.0034792
1978,24130.4,0.28063,0.17626,0.77377,0.89735,0.74238,0.8493,0.75295,0.41259,0.3385,0.82669,0.0034759,0.0034759,0.0034759
1979,24142.6,0.27831,0.17412,0.7729,0.89665,0.74196,0.84902,0.75294,0.41266,0.33857,0.82666,0.0034726,0.0034726,0.0034726
1980,24154.7,0.2768,0.17462,0.77222,0.89661,0.74203,0.84907,0.75293,0.41322,0.33871,0.8275,0.0034693,0.0034693,0.0034693
1981,24166.7,0.28158,0.17644,0.77357,0.89683,0.74182,0.84895,0.75277,0.41337,0.33874,0.82752,0.003466,0.003466,0.003466
1982,24178.9,0.28864,0.17873,0.77443,0.89685,0.742,0.84887,0.75298,0.41339,0.33875,0.82751,0.0034627,0.0034627,0.0034627
1983,24191,0.27341,0.17558,0.77316,0.89718,0.74167,0.84887,0.753,0.41362,0.33895,0.8276,0.0034594,0.0034594,0.0034594
1984,24203.2,0.27644,0.17399,0.77285,0.89544,0.74457,0.84955,0.75314,0.41337,0.33801,0.82756,0.0034561,0.0034561,0.0034561
1985,24215.3,0.2714,0.17279,0.77355,0.89647,0.74203,0.84894,0.75294,0.41322,0.33879,0.82705,0.0034528,0.0034528,0.0034528
1986,24227.4,0.28342,0.17464,0.77341,0.89695,0.74167,0.84893,0.75277,0.41359,0.33853,0.82761,0.0034495,0.0034495,0.0034495
1987,24239.4,0.27451,0.17363,0.7731,0.89736,0.74203,0.84903,0.75281,0.41365,0.33897,0.82744,0.0034462,0.0034462,0.0034462
1988,24251.5,0.2754,0.174,0.77265,0.8972,0.74167,0.84857,0.75281,0.41371,0.33875,0.82757,0.0034429,0.0034429,0.0034429
1989,24263.6,0.27093,0.17173,0.77362,0.89677,0.74137,0.84846,0.75266,0.41364,0.33886,0.8275,0.0034396,0.0034396,0.0034396
1990,24275.7,0.28271,0.17532,0.77245,0.89603,0.74157,0.84878,0.75291,0.41357,0.3391,0.82741,0.0034363,0.0034363,0.0034363
1991,24287.9,0.28418,0.1759,0.77317,0.89694,0.74113,0.8485,0.75275,0.41322,0.33919,0.82684,0.003433,0.003433,0.003433
1992,24300,0.28487,0.17545,0.77308,0.89677,0.7413,0.84852,0.75271,0.41315,0.33913,0.82672,0.0034297,0.0034297,0.0034297
1993,24312.1,0.27918,0.17495,0.77315,0.89623,0.74168,0.84864,0.75273,0.41301,0.33943,0.82684,0.0034264,0.0034264,0.0034264
1994,24324.2,0.28303,0.1757,0.77269,0.89639,0.74136,0.84854,0.75293,0.41309,0.33936,0.82665,0.0034231,0.0034231,0.0034231
1995,24336.4,0.27869,0.17434,0.77613,0.89685,0.74195,0.84876,0.75293,0.41324,0.33951,0.82682,0.0034198,0.0034198,0.0034198
1996,24348.4,0.2775,0.17377,0.77206,0.89598,0.74221,0.84884,0.75285,0.41307,0.33962,0.82676,0.0034165,0.0034165,0.0034165
1997,24360.6,0.2836,0.17394,0.77196,0.89602,0.74153,0.84862,0.75295,0.41336,0.34005,0.82678,0.0034132,0.0034132,0.0034132
1998,24372.7,0.28343,0.17269,0.77329,0.89659,0.74146,0.84879,0.75306,0.41332,0.33985,0.82677,0.0034099,0.0034099,0.0034099
1999,24384.8,0.27758,0.17451,0.77256,0.89685,0.74221,0.84905,0.75321,0.41332,0.34021,0.82677,0.0034066,0.0034066,0.0034066
2000,24397,0.27733,0.17548,0.77206,0.89602,0.74185,0.84851,0.7534,0.41374,0.34026,0.82696,0.0034033,0.0034033,0.0034033
2001,24409,0.27209,0.172,0.77221,0.89546,0.74185,0.84857,0.75276,0.41374,0.33999,0.8269,0.0034,0.0034,0.0034
2002,24421.1,0.2763,0.17228,0.77236,0.89652,0.74131,0.84869,0.75333,0.41369,0.34013,0.82674,0.0033967,0.0033967,0.0033967
2003,24433.2,0.2764,0.17151,0.77119,0.89535,0.74114,0.84822,0.75303,0.41412,0.34089,0.82692,0.0033934,0.0033934,0.0033934
2004,24445.4,0.27931,0.1744,0.77291,0.89597,0.74078,0.84836,0.75295,0.41399,0.34065,0.82697,0.0033901,0.0033901,0.0033901
2005,24457.5,0.27993,0.17425,0.77345,0.89572,0.7406,0.84837,0.75306,0.41405,0.34103,0.82701,0.0033868,0.0033868,0.0033868
2006,24469.7,0.27925,0.17511,0.77332,0.89551,0.74054,0.84814,0.75318,0.41411,0.34098,0.82698,0.0033835,0.0033835,0.0033835
2007,24481.8,0.28046,0.17674,0.77198,0.89529,0.7406,0.84805,0.75309,0.41372,0.34082,0.82675,0.0033802,0.0033802,0.0033802
2008,24494,0.27978,0.17689,0.77373,0.89587,0.74035,0.84811,0.75307,0.4142,0.34106,0.82688,0.0033769,0.0033769,0.0033769
2009,24506.1,0.27576,0.17768,0.7734,0.89592,0.74072,0.84833,0.75338,0.41407,0.34131,0.82688,0.0033736,0.0033736,0.0033736
2010,24518.2,0.26863,0.17227,0.77147,0.8955,0.74114,0.84826,0.75302,0.41423,0.34185,0.8268,0.0033703,0.0033703,0.0033703
2011,24530.4,0.2777,0.17489,0.77354,0.89626,0.74037,0.84818,0.75325,0.41441,0.34162,0.82687,0.003367,0.003367,0.003367
2012,24542.4,0.27471,0.17313,0.77194,0.89556,0.74095,0.84829,0.75323,0.4144,0.3417,0.82674,0.0033637,0.0033637,0.0033637
2013,24554.6,0.27254,0.1707,0.77059,0.89644,0.74028,0.84839,0.7536,0.4143,0.342,0.82668,0.0033604,0.0033604,0.0033604
2014,24566.7,0.27637,0.17304,0.77104,0.89603,0.74006,0.84797,0.75342,0.41426,0.34193,0.82659,0.0033571,0.0033571,0.0033571
2015,24578.8,0.27676,0.17416,0.7728,0.89506,0.73971,0.84788,0.75328,0.41454,0.34212,0.82661,0.0033538,0.0033538,0.0033538
2016,24590.8,0.27611,0.17498,0.7738,0.89475,0.7406,0.84801,0.75348,0.41442,0.34245,0.82653,0.0033505,0.0033505,0.0033505
2017,24603,0.27069,0.17287,0.77294,0.89537,0.7394,0.84789,0.75349,0.41437,0.34252,0.82657,0.0033472,0.0033472,0.0033472
2018,24615.1,0.26632,0.17023,0.77368,0.89484,0.74042,0.84781,0.75349,0.41432,0.34242,0.82655,0.0033439,0.0033439,0.0033439
2019,24627.7,0.26619,0.16787,0.77294,0.89463,0.74042,0.84807,0.75333,0.41464,0.34287,0.82665,0.0033406,0.0033406,0.0033406
2020,24640.1,0.27527,0.17105,0.77361,0.89638,0.74096,0.84848,0.75341,0.41426,0.34259,0.8265,0.0033373,0.0033373,0.0033373
2021,24652.2,0.27027,0.17158,0.77452,0.89521,0.74042,0.84813,0.75325,0.4146,0.34291,0.82653,0.003334,0.003334,0.003334
2022,24664.3,0.28104,0.17432,0.7738,0.89361,0.74114,0.84807,0.75321,0.41436,0.34282,0.82645,0.0033307,0.0033307,0.0033307
2023,24676.4,0.27412,0.17276,0.77321,0.89335,0.74114,0.84813,0.75331,0.41441,0.34276,0.82654,0.0033274,0.0033274,0.0033274
2024,24688.6,0.25968,0.16839,0.77212,0.89537,0.74078,0.84833,0.75367,0.41445,0.34288,0.82656,0.0033241,0.0033241,0.0033241
2025,24700.7,0.27044,0.1694,0.77294,0.89536,0.74131,0.84833,0.7534,0.4146,0.34267,0.82662,0.0033208,0.0033208,0.0033208
2026,24713,0.2721,0.17086,0.77196,0.89345,0.74114,0.84792,0.75331,0.41465,0.34294,0.82668,0.0033175,0.0033175,0.0033175
2027,24725.2,0.27041,0.17087,0.77157,0.89449,0.74185,0.8485,0.75371,0.41463,0.34272,0.82669,0.0033142,0.0033142,0.0033142
2028,24737.4,0.27172,0.16846,0.77076,0.89322,0.74131,0.84819,0.75334,0.41476,0.34297,0.82671,0.0033109,0.0033109,0.0033109
2029,24749.5,0.27838,0.17331,0.77424,0.89467,0.74096,0.84786,0.7534,0.41465,0.34294,0.82666,0.0033076,0.0033076,0.0033076
2030,24761.8,0.27948,0.17707,0.77343,0.89456,0.74096,0.84793,0.75358,0.41467,0.34299,0.82663,0.0033043,0.0033043,0.0033043
2031,24773.9,0.28106,0.17762,0.77301,0.8929,0.74117,0.84795,0.75346,0.41497,0.34345,0.82659,0.003301,0.003301,0.003301
2032,24786.4,0.27406,0.17428,0.77349,0.89502,0.74114,0.84812,0.75335,0.41483,0.34321,0.82658,0.0032977,0.0032977,0.0032977
2033,24799,0.2783,0.17326,0.77163,0.89498,0.74114,0.84824,0.75335,0.41504,0.34306,0.82666,0.0032944,0.0032944,0.0032944
